,2,5,10,22,30,39,50,63,81
8761,0.4841,0.3393,0.2507,0.1743,0.1476,0.1263,0.1064,0.0886,0.065
8762,0.4891,0.3433,0.2537,0.1764,0.1495,0.1279,0.1078,0.0897,0.0659
8763,0.4922,0.3459,0.2557,0.1777,0.1506,0.1289,0.1087,0.0905,0.0665
8764,0.4943,0.3476,0.2571,0.1784,0.1513,0.1295,0.1092,0.0909,0.0668
8765,0.4956,0.3487,0.2579,0.1788,0.1516,0.1298,0.1094,0.0911,0.0668
8766,0.4961,0.349,0.258,0.1788,0.1516,0.1297,0.1093,0.0909,0.0666
8767,0.4951,0.3479,0.2569,0.1782,0.1509,0.1291,0.1085,0.0904,0.066
8768,0.4911,0.3443,0.2541,0.1764,0.1492,0.1275,0.1069,0.089,0.0647
8981,0.485,0.34,0.2512,0.1747,0.148,0.1266,0.1068,0.0889,0.0654
8982,0.4906,0.3444,0.2545,0.177,0.1501,0.1285,0.1084,0.0902,0.0664
8983,0.4937,0.347,0.2566,0.1784,0.1513,0.1296,0.1094,0.091,0.0671
8984,0.4954,0.3486,0.2579,0.1791,0.152,0.1302,0.11,0.0914,0.0674
8985,0.4965,0.3497,0.2588,0.1795,0.1524,0.1306,0.1104,0.0917,0.0677
8986,0.4978,0.3509,0.2598,0.18,0.1528,0.1309,0.1107,0.092,0.0679
8987,0.4996,0.3523,0.2608,0.1806,0.1532,0.1313,0.111,0.0922,0.068
8988,0.5013,0.3535,0.2616,0.1811,0.1536,0.1316,0.1111,0.0923,0.068
8989,0.502,0.3536,0.2614,0.1811,0.1535,0.1314,0.1108,0.0921,0.0676
9201,0.4837,0.3389,0.2503,0.174,0.1474,0.1261,0.1063,0.0884,0.065
9202,0.4895,0.3434,0.2537,0.1765,0.1496,0.1281,0.108,0.0899,0.0662
9203,0.4925,0.3459,0.2557,0.1778,0.1508,0.1291,0.109,0.0907,0.0669
9204,0.4931,0.3466,0.2563,0.1782,0.1511,0.1295,0.1094,0.0909,0.0672
9205,0.4921,0.3461,0.2562,0.1778,0.1509,0.1293,0.1094,0.0909,0.0672
9206,0.4905,0.3453,0.2557,0.1772,0.1504,0.1289,0.1091,0.0906,0.0671
9207,0.4896,0.3442,0.2556,0.1768,0.15,0.1286,0.109,0.0905,0.067
9208,0.4905,0.3445,0.2562,0.177,0.1502,0.1288,0.1091,0.0906,0.0671
9209,0.4932,0.3466,0.2577,0.178,0.151,0.1295,0.1097,0.091,0.0674
9210,0.497,0.3498,0.2595,0.1793,0.1522,0.1304,0.1103,0.0916,0.0676
9211,0.5003,0.3526,0.2607,0.1804,0.153,0.131,0.1106,0.0919,0.0676
9212,0.501,0.3524,0.2601,0.1804,0.1529,0.1308,0.1102,0.0916,0.0671
9422,0.4881,0.3422,0.2527,0.1758,0.1489,0.1274,0.1073,0.0893,0.0656
9423,0.4909,0.3445,0.2545,0.1771,0.1501,0.1285,0.1084,0.0901,0.0663
9424,0.4911,0.3448,0.2548,0.1773,0.1503,0.1287,0.1086,0.0903,0.0666
9425,0.4888,0.3432,0.2538,0.1764,0.1496,0.1281,0.1083,0.09,0.0665
9426,0.4844,0.3402,0.2518,0.1748,0.1482,0.127,0.1074,0.0892,0.066
9432,0.4837,0.3386,0.2521,0.1738,0.1474,0.1263,0.107,0.0887,0.0657
9433,0.4908,0.345,0.2552,0.1765,0.1496,0.128,0.1082,0.0898,0.0662
9434,0.495,0.3476,0.2565,0.178,0.1508,0.1289,0.1086,0.0903,0.0662
9435,0.4938,0.3458,0.2555,0.1773,0.15,0.1282,0.1077,0.0895,0.0654
9436,0.4845,0.338,0.2506,0.1734,0.1464,0.1249,0.1048,0.087,0.0634
9642,0.4876,0.3417,0.2523,0.1753,0.1483,0.1268,0.1067,0.0888,0.065
9643,0.4905,0.344,0.254,0.1766,0.1496,0.128,0.1078,0.0896,0.0658
9644,0.4902,0.3439,0.254,0.1767,0.1497,0.1281,0.108,0.0898,0.066
9645,0.4872,0.3417,0.2525,0.1756,0.1488,0.1273,0.1075,0.0893,0.0658
9657,0.4839,0.3378,0.2504,0.1734,0.1465,0.1251,0.1052,0.0873,0.0639
9862,0.4867,0.3405,0.2515,0.1743,0.1474,0.1258,0.1057,0.0879,0.0641
9863,0.491,0.344,0.254,0.1763,0.1492,0.1275,0.1072,0.0891,0.0652
9864,0.4912,0.3444,0.2543,0.1767,0.1496,0.1279,0.1076,0.0895,0.0656
9865,0.488,0.3421,0.2526,0.1756,0.1487,0.1271,0.1071,0.0891,0.0654
10083,0.4881,0.341,0.2519,0.1746,0.1476,0.1259,0.1056,0.0878,0.0639
10084,0.4918,0.3443,0.2542,0.1763,0.1491,0.1274,0.107,0.0889,0.0649
10085,0.4904,0.3435,0.2536,0.176,0.1489,0.1272,0.107,0.0889,0.065
10086,0.4846,0.3394,0.2505,0.1739,0.1471,0.1257,0.1058,0.088,0.0645
10305,0.4888,0.3414,0.2521,0.1748,0.1477,0.126,0.1057,0.0878,0.0639
10306,0.4871,0.3406,0.2515,0.1743,0.1473,0.1257,0.1056,0.0877,0.064
24080,0.4345,0.3217,0.2513,0.1846,0.1585,0.1376,0.1197,0.0993,0.0784
24302,0.4418,0.3223,0.2511,0.1836,0.1598,0.1403,0.1219,0.1015,0.0789
24303,0.4437,0.3244,0.2532,0.1852,0.161,0.1412,0.1225,0.1021,0.0786
24304,0.4448,0.3245,0.2528,0.1844,0.1601,0.1402,0.1207,0.1012,0.0774
24523,0.4418,0.3238,0.2525,0.1824,0.1587,0.1393,0.1209,0.101,0.0783
24524,0.4433,0.325,0.2539,0.1857,0.1614,0.1415,0.1228,0.1025,0.0788
24525,0.447,0.3281,0.2556,0.1866,0.1621,0.1421,0.1224,0.1033,0.0786
24526,0.4478,0.3284,0.2556,0.1864,0.1618,0.1409,0.1213,0.103,0.0779
24527,0.4454,0.3264,0.2542,0.1851,0.1606,0.1394,0.1198,0.1015,0.0768
24744,0.4374,0.3237,0.2531,0.1826,0.1567,0.1358,0.1176,0.0992,0.0762
24745,0.4422,0.3228,0.2521,0.1842,0.1599,0.14,0.1214,0.1019,0.0779
24746,0.4464,0.3279,0.2555,0.1864,0.1618,0.1417,0.1221,0.1032,0.0783
24747,0.449,0.3304,0.2572,0.1875,0.1628,0.1417,0.1221,0.1037,0.0784
24748,0.4498,0.331,0.2576,0.1878,0.1628,0.1413,0.1217,0.1033,0.0781
24749,0.4483,0.3299,0.2569,0.1873,0.162,0.1406,0.1209,0.1026,0.0776
24750,0.4434,0.326,0.2541,0.1851,0.1599,0.1387,0.1192,0.1008,0.0763
24967,0.4437,0.3238,0.2521,0.1835,0.1591,0.1392,0.1199,0.1014,0.0768
24968,0.448,0.3291,0.2562,0.1865,0.1618,0.1407,0.1211,0.1029,0.0778
24969,0.4505,0.3317,0.2582,0.1881,0.1628,0.1413,0.1217,0.1033,0.0781
24970,0.4513,0.3326,0.259,0.1887,0.1631,0.1416,0.1218,0.1034,0.0782
24971,0.4506,0.3321,0.2587,0.1886,0.1629,0.1414,0.1216,0.1032,0.078
24972,0.4476,0.3297,0.257,0.1874,0.1618,0.1403,0.1206,0.1022,0.0773
24973,0.4403,0.3243,0.253,0.1844,0.1591,0.138,0.1184,0.0996,0.0757
25189,0.4439,0.3226,0.2508,0.1821,0.1578,0.1374,0.1182,0.1,0.0757
25190,0.4483,0.3291,0.256,0.1862,0.1609,0.1396,0.1201,0.102,0.0771
25191,0.4509,0.3321,0.2585,0.1882,0.1624,0.1409,0.1212,0.1029,0.0778
25192,0.452,0.3333,0.2596,0.1892,0.1632,0.1416,0.1218,0.1034,0.0782
25193,0.4518,0.3333,0.2598,0.1895,0.1634,0.1418,0.122,0.1035,0.0783
25194,0.4503,0.332,0.2588,0.189,0.163,0.1414,0.1216,0.1031,0.078
25195,0.4461,0.3287,0.2564,0.1871,0.1614,0.1399,0.1202,0.1018,0.0771
25196,0.4365,0.3218,0.2512,0.1831,0.1579,0.1369,0.1175,0.0979,0.0751
25412,0.4474,0.3277,0.2548,0.1851,0.1595,0.1385,0.1191,0.1009,0.0763
25413,0.4504,0.3317,0.2582,0.188,0.1618,0.1403,0.1207,0.1024,0.0775
25414,0.452,0.3334,0.2598,0.1894,0.163,0.1414,0.1217,0.1033,0.0781
25415,0.4523,0.3338,0.2603,0.1899,0.1635,0.1419,0.1221,0.1036,0.0784
25416,0.4517,0.3333,0.2599,0.1898,0.1636,0.142,0.1221,0.1036,0.0784
25417,0.4494,0.3313,0.2584,0.1888,0.1627,0.1412,0.1214,0.1029,0.0779
25418,0.4442,0.3271,0.2553,0.1864,0.1606,0.1393,0.1196,0.1012,0.0767
25634,0.4443,0.3241,0.252,0.1829,0.1576,0.1367,0.1175,0.0994,0.0753
25635,0.4487,0.3303,0.257,0.187,0.1607,0.1394,0.1199,0.1017,0.0769
25636,0.4514,0.3329,0.2594,0.1891,0.1625,0.141,0.1213,0.1029,0.0778
25637,0.4523,0.3339,0.2604,0.19,0.1634,0.1418,0.122,0.1035,0.0783
25638,0.4522,0.3339,0.2605,0.1902,0.1637,0.1421,0.1223,0.1038,0.0785
25639,0.4511,0.3328,0.2596,0.1897,0.1634,0.1418,0.122,0.1034,0.0784
25640,0.4481,0.3303,0.2577,0.1883,0.1622,0.1407,0.121,0.1025,0.0777
25641,0.4415,0.3253,0.2539,0.1854,0.1597,0.1385,0.1189,0.1005,0.0763
25857,0.4468,0.3274,0.2547,0.1852,0.1592,0.1381,0.1187,0.1005,0.0761
25858,0.4497,0.3314,0.2581,0.188,0.1614,0.14,0.1204,0.1021,0.0773
25859,0.4516,0.3333,0.2598,0.1896,0.1629,0.1413,0.1215,0.1031,0.0781
25860,0.4522,0.3339,0.2606,0.1903,0.1636,0.142,0.1222,0.1037,0.0785
25861,0.4519,0.3337,0.2603,0.1902,0.1637,0.1421,0.1223,0.1037,0.0786
25862,0.4504,0.3322,0.2592,0.1895,0.1632,0.1416,0.1218,0.1033,0.0783
25863,0.4467,0.3293,0.257,0.1878,0.1618,0.1403,0.1206,0.1021,0.0775
25864,0.4381,0.323,0.2522,0.1841,0.1586,0.1375,0.118,0.0989,0.0757
26079,0.4415,0.3217,0.2503,0.1817,0.1565,0.1358,0.1167,0.0987,0.0748
26080,0.4468,0.3288,0.256,0.1864,0.16,0.1388,0.1193,0.1011,0.0766
26081,0.4503,0.3321,0.2589,0.1888,0.1621,0.1406,0.1209,0.1026,0.0777
26082,0.4517,0.3336,0.2603,0.19,0.1633,0.1417,0.1219,0.1035,0.0784
26083,0.4521,0.334,0.2606,0.1904,0.1638,0.1422,0.1224,0.1038,0.0787
26084,0.4516,0.3334,0.2602,0.1902,0.1637,0.1421,0.1223,0.1038,0.0787
26085,0.4495,0.3315,0.2587,0.1891,0.1629,0.1414,0.1216,0.1031,0.0782
26086,0.4448,0.3278,0.2559,0.187,0.161,0.1397,0.12,0.1016,0.0771
26087,0.4343,0.3202,0.2501,0.1825,0.1573,0.1364,0.117,0.0972,0.075
26302,0.4461,0.3254,0.2533,0.1842,0.1584,0.1374,0.1181,0.0999,0.0758
26303,0.4489,0.3308,0.2577,0.1879,0.1613,0.1399,0.1203,0.1021,0.0774
26304,0.4511,0.3329,0.2596,0.1895,0.1627,0.1412,0.1215,0.1031,0.0782
26305,0.4521,0.3339,0.2606,0.1904,0.1636,0.1421,0.1223,0.1038,0.0787
26306,0.4522,0.3341,0.2608,0.1906,0.164,0.1424,0.1226,0.1041,0.0789
26307,0.4513,0.3332,0.26,0.1902,0.1637,0.1421,0.1223,0.1038,0.0787
26308,0.449,0.3311,0.2584,0.189,0.1629,0.1413,0.1216,0.103,0.0783
26309,0.4424,0.3261,0.2546,0.186,0.1602,0.139,0.1193,0.1008,0.0767
26525,0.4481,0.3279,0.2554,0.186,0.1597,0.1387,0.1192,0.101,0.0767
26526,0.4504,0.332,0.2588,0.1888,0.1621,0.1406,0.121,0.1026,0.0778
26527,0.4521,0.3338,0.2604,0.1902,0.1634,0.1418,0.1221,0.1036,0.0785
26528,0.4525,0.3343,0.261,0.1908,0.164,0.1424,0.1226,0.1041,0.0789
26529,0.4523,0.3341,0.2608,0.1907,0.1642,0.1425,0.1227,0.1041,0.079
26530,0.4511,0.333,0.2599,0.1901,0.1637,0.1421,0.1223,0.1037,0.0788
26531,0.448,0.3303,0.2578,0.1885,0.1624,0.1409,0.1212,0.1026,0.078
26532,0.4394,0.3239,0.253,0.1847,0.1591,0.138,0.1185,0.0993,0.0761
26748,0.4469,0.3285,0.2559,0.1864,0.16,0.1389,0.1194,0.1012,0.0768
26749,0.4507,0.3324,0.2592,0.1891,0.1624,0.1409,0.1212,0.1029,0.0781
26750,0.4522,0.334,0.2606,0.1904,0.1636,0.142,0.1222,0.1038,0.0787
26751,0.4525,0.3343,0.261,0.1908,0.1641,0.1425,0.1227,0.1041,0.079
26752,0.452,0.3338,0.2606,0.1906,0.1641,0.1425,0.1227,0.1041,0.079
26753,0.4504,0.3323,0.2593,0.1897,0.1634,0.1418,0.122,0.1035,0.0786
26754,0.4474,0.3291,0.2569,0.1879,0.1618,0.1403,0.1206,0.1021,0.0777
26755,0.4353,0.321,0.2507,0.183,0.1576,0.1366,0.1173,0.0976,0.0752
26970,0.4429,0.3232,0.2517,0.1831,0.1575,0.1367,0.1175,0.0994,0.0755
26971,0.4476,0.3296,0.2568,0.1872,0.1606,0.1394,0.1199,0.1016,0.0772
26972,0.4511,0.3328,0.2596,0.1895,0.1628,0.1413,0.1215,0.1031,0.0783
26973,0.4522,0.334,0.2607,0.1905,0.1637,0.1422,0.1224,0.1039,0.0788
26974,0.4521,0.334,0.2607,0.1906,0.1639,0.1423,0.1225,0.104,0.079
26975,0.4512,0.3331,0.26,0.1902,0.1637,0.1421,0.1223,0.1037,0.0788
26976,0.4488,0.331,0.2584,0.189,0.1628,0.1413,0.1215,0.103,0.0783
26977,0.4432,0.3266,0.255,0.1864,0.1605,0.1392,0.1195,0.1011,0.0769
27193,0.4455,0.3258,0.2538,0.1848,0.1588,0.1378,0.1185,0.1003,0.0763
27194,0.4491,0.3309,0.2579,0.1881,0.1615,0.1401,0.1205,0.1022,0.0777
27195,0.4515,0.3332,0.2599,0.1899,0.1631,0.1415,0.1218,0.1034,0.0785
27196,0.4522,0.334,0.2606,0.1905,0.1638,0.1422,0.1224,0.1038,0.0789
27197,0.4519,0.3337,0.2605,0.1905,0.1639,0.1423,0.1225,0.1039,0.0789
27198,0.4506,0.3326,0.2596,0.1899,0.1634,0.1419,0.1221,0.1035,0.0787
27199,0.4475,0.33,0.2576,0.1885,0.1622,0.1407,0.121,0.1025,0.0779
27200,0.4408,0.325,0.2539,0.1855,0.1596,0.1384,0.1188,0.1003,0.0763
27416,0.4466,0.3274,0.2551,0.1858,0.1596,0.1385,0.1191,0.1009,0.0767
27417,0.4499,0.3316,0.2585,0.1886,0.1619,0.1405,0.1209,0.1025,0.0779
27418,0.4518,0.3335,0.2602,0.1901,0.1633,0.1417,0.122,0.1035,0.0786
27419,0.4523,0.334,0.2607,0.1906,0.1639,0.1423,0.1224,0.1039,0.0789
27420,0.4519,0.3337,0.2605,0.1906,0.1639,0.1423,0.1225,0.1039,0.079
27421,0.4505,0.3324,0.2595,0.1899,0.1634,0.1419,0.122,0.1034,0.0787
27422,0.4464,0.3292,0.257,0.1881,0.1618,0.1403,0.1205,0.102,0.0776
27423,0.4373,0.3225,0.252,0.1841,0.1582,0.1371,0.1176,0.0982,0.0755
27638,0.4414,0.3213,0.2502,0.1821,0.1568,0.1361,0.117,0.099,0.0753
27639,0.4475,0.3289,0.2562,0.1868,0.1603,0.1392,0.1197,0.1015,0.0772
27640,0.4507,0.3324,0.2592,0.1893,0.1625,0.141,0.1213,0.1029,0.0782
27641,0.4521,0.3338,0.2605,0.1904,0.1636,0.142,0.1222,0.1037,0.0788
27642,0.4524,0.3342,0.2609,0.1909,0.1641,0.1425,0.1226,0.104,0.0791
27643,0.4518,0.3336,0.2605,0.1907,0.164,0.1424,0.1225,0.1039,0.079
27644,0.4496,0.3317,0.259,0.1896,0.1631,0.1415,0.1217,0.1031,0.0785
27645,0.4449,0.328,0.2562,0.1875,0.1611,0.1397,0.1199,0.1014,0.0772
27646,0.4351,0.3211,0.251,0.1834,0.1574,0.1364,0.117,0.0976,0.075
27861,0.4437,0.324,0.2524,0.1838,0.1581,0.1372,0.118,0.0998,0.076
27862,0.4483,0.3303,0.2575,0.1879,0.1613,0.1399,0.1204,0.1021,0.0777
27863,0.4513,0.333,0.2598,0.1899,0.163,0.1415,0.1218,0.1033,0.0785
27864,0.4524,0.3342,0.2609,0.1909,0.1639,0.1423,0.1225,0.1039,0.079
27865,0.4524,0.3342,0.261,0.1911,0.1642,0.1426,0.1227,0.1041,0.0792
27866,0.4514,0.3333,0.2603,0.1907,0.1639,0.1423,0.1224,0.1038,0.0789
27867,0.4492,0.3315,0.2589,0.1897,0.163,0.1414,0.1216,0.103,0.0784
27868,0.4435,0.3272,0.2557,0.1872,0.1606,0.1392,0.1194,0.1009,0.0769
28084,0.4456,0.3265,0.2545,0.1856,0.1594,0.1384,0.119,0.1008,0.0767
28085,0.4495,0.3315,0.2585,0.1888,0.162,0.1406,0.121,0.1026,0.0781
28086,0.452,0.3338,0.2606,0.1906,0.1636,0.1421,0.1223,0.1037,0.0789
28087,0.4528,0.3346,0.2614,0.1913,0.1643,0.1427,0.1228,0.1042,0.0793
28088,0.4525,0.3344,0.2613,0.1914,0.1644,0.1428,0.1229,0.1042,0.0793
28089,0.4512,0.3332,0.2603,0.1907,0.1638,0.1422,0.1223,0.1036,0.0789
28090,0.4479,0.3306,0.2583,0.1892,0.1623,0.1407,0.1209,0.1023,0.0779
28091,0.4407,0.3253,0.2544,0.1858,0.1591,0.1379,0.1182,0.0996,0.0759
28307,0.4467,0.3288,0.2564,0.1872,0.1605,0.1394,0.1198,0.1016,0.0773
28308,0.4513,0.3331,0.26,0.1901,0.1632,0.1416,0.1219,0.1034,0.0786
28309,0.453,0.3348,0.2616,0.1913,0.1643,0.1427,0.1228,0.1042,0.0792
28310,0.4534,0.3352,0.2621,0.1918,0.1648,0.1431,0.1232,0.1045,0.0795
28311,0.453,0.3349,0.2619,0.1917,0.1647,0.143,0.1231,0.1043,0.0794
28312,0.4515,0.3337,0.2609,0.191,0.164,0.1423,0.1224,0.1036,0.0789
28313,0.4469,0.33,0.2581,0.1884,0.1615,0.1399,0.1201,0.1014,0.0773
28314,0.4376,0.3233,0.2529,0.1835,0.1571,0.136,0.1165,0.098,0.0746
28529,0.4442,0.3252,0.2536,0.185,0.1588,0.1379,0.1185,0.1003,0.0764
28530,0.4499,0.3319,0.2589,0.1891,0.1623,0.1408,0.1211,0.1027,0.0781
28531,0.4528,0.3345,0.2614,0.191,0.164,0.1424,0.1225,0.1039,0.079
28532,0.4538,0.3356,0.2625,0.1919,0.1649,0.1432,0.1232,0.1045,0.0795
28533,0.4539,0.3359,0.2628,0.1921,0.1651,0.1434,0.1234,0.1046,0.0795
28534,0.4534,0.3354,0.2625,0.1918,0.1647,0.143,0.1229,0.1041,0.0793
28535,0.4515,0.3339,0.2613,0.1904,0.1634,0.1416,0.1216,0.1028,0.0784
28536,0.4463,0.3299,0.2581,0.187,0.1601,0.1387,0.1188,0.1,0.0763
28537,0.433,0.32,0.2502,0.179,0.1532,0.1324,0.1133,0.0944,0.0722
28752,0.4468,0.3293,0.2569,0.1874,0.1607,0.1395,0.1199,0.1016,0.0773
28753,0.4508,0.333,0.26,0.1898,0.1629,0.1414,0.1216,0.1031,0.0784
28754,0.452,0.3344,0.2616,0.1909,0.164,0.1424,0.1225,0.1038,0.079
28755,0.4523,0.3349,0.2622,0.1913,0.1643,0.1427,0.1227,0.104,0.0792
28756,0.4522,0.335,0.2624,0.1911,0.1641,0.1424,0.1225,0.1037,0.079
28757,0.4518,0.3347,0.2622,0.1903,0.1633,0.1416,0.1216,0.1028,0.0784
28758,0.4504,0.3334,0.2609,0.1881,0.1611,0.1395,0.1196,0.1008,0.0769
28759,0.4446,0.3285,0.2564,0.1823,0.156,0.1348,0.1153,0.0969,0.0736
28974,0.4455,0.3274,0.2553,0.1859,0.1594,0.1383,0.1188,0.1004,0.0765
28975,0.45,0.3321,0.2593,0.189,0.1621,0.1406,0.1208,0.1023,0.0779
28976,0.4518,0.3342,0.2614,0.1905,0.1635,0.1418,0.1219,0.1033,0.0786
28977,0.4526,0.3353,0.2626,0.1912,0.1642,0.1424,0.1225,0.1037,0.0789
28978,0.4533,0.3363,0.2636,0.1914,0.1643,0.1425,0.1225,0.1036,0.0789
28979,0.4548,0.3375,0.2646,0.1911,0.1639,0.1421,0.122,0.1031,0.0785
28980,0.4574,0.3389,0.2652,0.1897,0.1625,0.1406,0.1204,0.1015,0.0773
28981,0.4592,0.3383,0.2633,0.1852,0.1582,0.1367,0.1168,0.0982,0.0745
29196,0.4447,0.3254,0.2536,0.1843,0.158,0.1369,0.1175,0.0991,0.0756
29197,0.4494,0.3314,0.2586,0.1881,0.1612,0.1397,0.1199,0.1014,0.0773
29198,0.4519,0.3341,0.2613,0.19,0.163,0.1413,0.1213,0.1026,0.0782
29199,0.4533,0.3359,0.2632,0.1911,0.164,0.1422,0.1221,0.1033,0.0787
29200,0.455,0.3378,0.265,0.1917,0.1645,0.1427,0.1225,0.1035,0.0788
29201,0.4584,0.3407,0.2672,0.1919,0.1646,0.1426,0.1223,0.1032,0.0785
29202,0.4658,0.3453,0.2698,0.1912,0.1636,0.1414,0.121,0.1019,0.0774
29203,0.4786,0.3508,0.2686,0.1879,0.1602,0.1382,0.118,0.099,0.0751
29204,0.4651,0.337,0.2565,0.1781,0.1512,0.1286,0.1078,0.0912,0.071
29418,0.4437,0.3228,0.2513,0.1823,0.1562,0.1352,0.1158,0.0976,0.0743
29419,0.4483,0.3299,0.2572,0.1867,0.1597,0.1384,0.1186,0.0999,0.0763
29420,0.4514,0.3334,0.2605,0.189,0.1619,0.1402,0.1202,0.1015,0.0774
29421,0.4534,0.3358,0.263,0.1905,0.1633,0.1414,0.1213,0.1024,0.0781
29422,0.4559,0.3386,0.2656,0.1915,0.1642,0.1422,0.1219,0.1029,0.0784
29423,0.461,0.343,0.2689,0.1921,0.1646,0.1424,0.122,0.1028,0.0782
29424,0.4723,0.3502,0.2727,0.1919,0.164,0.1416,0.121,0.1017,0.0772
29425,0.4875,0.3571,0.2713,0.1889,0.1607,0.1384,0.118,0.0988,0.0749
29426,0.4652,0.3355,0.2544,0.1768,0.1498,0.1279,0.109,0.0922,0.0718
29641,0.4467,0.3268,0.2545,0.1839,0.1573,0.1361,0.1164,0.0979,0.0746
29642,0.4492,0.3313,0.2586,0.1869,0.1599,0.1384,0.1184,0.0996,0.0761
29643,0.4521,0.3346,0.2618,0.1888,0.1616,0.1398,0.1197,0.1008,0.0769
29644,0.4557,0.3383,0.2652,0.1903,0.163,0.1409,0.1206,0.1015,0.0774
29645,0.4627,0.3442,0.2696,0.1913,0.1637,0.1414,0.1209,0.1016,0.0773
29646,0.4782,0.3541,0.2732,0.1916,0.1634,0.1408,0.12,0.1006,0.0764
29647,0.4942,0.3605,0.2735,0.1892,0.1605,0.138,0.1174,0.0973,0.0743
29648,0.476,0.3447,0.2605,0.1799,0.152,0.1295,0.1093,0.0924,0.0719
29649,0.4936,0.3457,0.2544,0.1708,0.1425,0.1232,0.1056,0.0891,0.0692
29864,0.4438,0.3255,0.2538,0.1821,0.1556,0.1344,0.1148,0.0963,0.0732
29865,0.4474,0.3306,0.2584,0.1852,0.1583,0.1368,0.1169,0.098,0.0747
29866,0.4534,0.3363,0.2633,0.1876,0.1603,0.1385,0.1183,0.0992,0.0756
29867,0.4634,0.3442,0.2692,0.1893,0.1616,0.1394,0.1189,0.0996,0.0757
29868,0.4834,0.3569,0.2724,0.1901,0.1617,0.1391,0.1184,0.0989,0.0749
29869,0.4981,0.3614,0.2734,0.1879,0.159,0.1364,0.1159,0.0947,0.0731
29870,0.482,0.3491,0.2632,0.1806,0.1522,0.1292,0.1085,0.0916,0.0711
29871,0.5014,0.36,0.2649,0.1767,0.1471,0.1237,0.1058,0.0892,0.0691
29872,0.5133,0.3592,0.2628,0.175,0.1447,0.1225,0.1045,0.0878,0.0677
29873,0.5007,0.3509,0.257,0.1702,0.1422,0.1223,0.1041,0.0872,0.0669
30088,0.4436,0.3284,0.2566,0.1805,0.1542,0.1328,0.1131,0.0946,0.0716
30089,0.4591,0.3399,0.263,0.184,0.1567,0.1349,0.1147,0.0957,0.0723
30090,0.4829,0.3542,0.2679,0.1858,0.1577,0.1354,0.1148,0.0957,0.072
30091,0.4912,0.3563,0.2696,0.1839,0.1554,0.133,0.1117,0.0919,0.0709
30092,0.4829,0.3489,0.2621,0.1788,0.1501,0.127,0.1066,0.0898,0.0695
30093,0.5015,0.3617,0.2669,0.1772,0.1485,0.1246,0.1051,0.0883,0.0683
30094,0.5122,0.3658,0.2668,0.1765,0.1474,0.1246,0.1043,0.0875,0.0674
30095,0.5197,0.3647,0.2663,0.1766,0.1474,0.1234,0.1045,0.0875,0.0671
30096,0.5054,0.3553,0.261,0.1733,0.1434,0.1226,0.1042,0.087,0.0665
30312,0.4656,0.339,0.2542,0.175,0.1482,0.1267,0.1073,0.0872,0.0669
30313,0.4696,0.3374,0.2545,0.1748,0.1466,0.1234,0.1038,0.0871,0.067
30314,0.4748,0.3405,0.2543,0.1722,0.1438,0.1211,0.1026,0.0861,0.0664
30315,0.4951,0.3558,0.2631,0.1739,0.1452,0.1227,0.1026,0.086,0.0662
30316,0.5072,0.3666,0.2666,0.1756,0.1461,0.1236,0.103,0.0862,0.0662
30317,0.515,0.369,0.2687,0.177,0.1472,0.1245,0.1038,0.0868,0.0665
30318,0.5191,0.3663,0.2676,0.1769,0.1474,0.1247,0.1042,0.087,0.0662
30319,0.5076,0.3571,0.2624,0.1744,0.1444,0.122,0.1035,0.0863,0.0654
30537,0.4817,0.3438,0.2544,0.1678,0.1397,0.1171,0.0988,0.0823,0.0631
30538,0.4991,0.3595,0.2633,0.1728,0.1435,0.1212,0.101,0.0843,0.0645
30539,0.5084,0.3684,0.2678,0.1756,0.1457,0.1229,0.103,0.0854,0.0652
30540,0.5134,0.3694,0.2691,0.1767,0.1468,0.1238,0.1037,0.0861,0.0651
30541,0.5142,0.3658,0.2671,0.176,0.1464,0.1237,0.1034,0.0858,0.0647
30542,0.5076,0.3552,0.2602,0.1723,0.1436,0.1202,0.1019,0.0845,0.0639
30760,0.4823,0.3449,0.2538,0.166,0.1378,0.1165,0.0973,0.0805,0.0613
30761,0.4977,0.3588,0.2626,0.1718,0.1422,0.1198,0.1,0.0831,0.063
30762,0.5059,0.3665,0.2672,0.1749,0.1449,0.122,0.1021,0.0842,0.0635
30763,0.5093,0.3686,0.2683,0.1759,0.1459,0.1229,0.1029,0.0847,0.0637
30764,0.5073,0.3642,0.2656,0.1744,0.1449,0.1222,0.1022,0.0844,0.0634
30765,0.497,0.3528,0.2578,0.1697,0.1411,0.1193,0.0999,0.0827,0.0624
30983,0.4767,0.3407,0.251,0.1638,0.1359,0.1148,0.096,0.0793,0.0601
30984,0.4937,0.3553,0.2608,0.1704,0.141,0.1188,0.0993,0.0815,0.0614
30985,0.5026,0.3636,0.2663,0.1742,0.1442,0.1213,0.1014,0.0832,0.0624
30986,0.5051,0.366,0.267,0.1748,0.1448,0.1219,0.1019,0.0838,0.0626
30987,0.5024,0.3632,0.2644,0.1732,0.1436,0.121,0.1013,0.0835,0.0624
30988,0.4925,0.3526,0.2572,0.1685,0.1399,0.1183,0.0989,0.0819,0.0614
31207,0.4887,0.3509,0.2581,0.1687,0.1396,0.1177,0.0984,0.0804,0.0604
31208,0.499,0.36,0.2643,0.1729,0.1431,0.1204,0.1006,0.0826,0.0616
31209,0.5028,0.3637,0.2661,0.1741,0.1442,0.1213,0.1014,0.0835,0.062
31210,0.5019,0.3631,0.2643,0.1729,0.1433,0.1206,0.1009,0.0833,0.0618
31211,0.4968,0.3552,0.259,0.1691,0.1402,0.1184,0.0988,0.0818,0.0611
31430,0.4836,0.3464,0.2554,0.1673,0.1387,0.1171,0.098,0.0801,0.06
31431,0.4963,0.3574,0.2625,0.172,0.1425,0.12,0.1003,0.0826,0.0614
31432,0.5028,0.3633,0.2655,0.1738,0.144,0.1212,0.1013,0.0836,0.0619
31433,0.5066,0.3652,0.2658,0.1735,0.1438,0.1211,0.1012,0.0835,0.0619
31434,0.5092,0.3604,0.2628,0.1707,0.1415,0.1192,0.0993,0.0822,0.0612
31435,0.4923,0.3451,0.2533,0.1656,0.1375,0.1158,0.0962,0.0794,0.06
31653,0.4786,0.3422,0.2529,0.1668,0.1386,0.1169,0.0982,0.0808,0.0607
31654,0.495,0.3561,0.2613,0.172,0.1428,0.1204,0.1007,0.0831,0.0621
31655,0.5055,0.3652,0.2658,0.1742,0.1445,0.1217,0.1018,0.084,0.0626
31656,0.5145,0.3676,0.2678,0.1746,0.1447,0.1219,0.1018,0.0839,0.0625
31657,0.5199,0.3664,0.2671,0.173,0.1433,0.1206,0.1002,0.0829,0.062
31658,0.5031,0.3513,0.2571,0.1692,0.1401,0.118,0.0973,0.0802,0.0604
31876,0.4743,0.3392,0.2519,0.1678,0.1396,0.1177,0.0992,0.0819,0.0616
31877,0.4946,0.3559,0.2607,0.1725,0.1434,0.1211,0.1016,0.0836,0.0628
31878,0.5088,0.3654,0.2662,0.1746,0.145,0.1222,0.1022,0.0842,0.0629
31879,0.5206,0.369,0.2692,0.1752,0.1452,0.1222,0.1021,0.084,0.0628
31880,0.5217,0.368,0.2696,0.1745,0.1446,0.1216,0.1011,0.0834,0.0626
31881,0.522,0.3664,0.264,0.1715,0.142,0.1195,0.0981,0.0809,0.0607
31882,0.5172,0.3513,0.2501,0.1637,0.1363,0.1152,0.0947,0.078,0.0588
32099,0.4697,0.3363,0.2502,0.1678,0.139,0.1183,0.0999,0.0829,0.0615
32100,0.4932,0.3552,0.2595,0.1721,0.1432,0.1209,0.1017,0.0835,0.0625
32101,0.5098,0.3644,0.2659,0.1744,0.1448,0.122,0.1021,0.0839,0.0627
32102,0.5236,0.3693,0.27,0.1756,0.1456,0.1225,0.1022,0.0843,0.0629
32103,0.5228,0.3688,0.2708,0.1752,0.1451,0.122,0.1016,0.0835,0.0624
32104,0.5303,0.37,0.2661,0.1729,0.1431,0.1202,0.0987,0.0812,0.0608
32105,0.5204,0.3553,0.2532,0.1659,0.1379,0.1164,0.0957,0.0787,0.0591
32323,0.4902,0.3524,0.258,0.1711,0.1423,0.1197,0.1011,0.0828,0.0619
32324,0.5086,0.3625,0.265,0.1737,0.1443,0.1215,0.1017,0.0834,0.0623
32325,0.5238,0.3683,0.2696,0.175,0.1451,0.122,0.1017,0.0838,0.0623
32326,0.5233,0.3691,0.2707,0.1752,0.1451,0.1218,0.1014,0.0832,0.062
32327,0.5307,0.3701,0.2666,0.1732,0.1434,0.1204,0.0991,0.0812,0.0605
32328,0.5216,0.3572,0.2546,0.1667,0.1384,0.1168,0.0966,0.0787,0.0589
32546,0.4844,0.3473,0.2546,0.168,0.1396,0.1178,0.0991,0.0808,0.0603
32547,0.5066,0.3606,0.2638,0.1723,0.1428,0.1201,0.1005,0.0824,0.0613
32548,0.5232,0.368,0.2694,0.1746,0.1446,0.1215,0.1011,0.0834,0.0617
32549,0.524,0.3695,0.2703,0.1749,0.1447,0.1215,0.101,0.0829,0.0615
32550,0.5261,0.3696,0.2668,0.1731,0.1432,0.1201,0.099,0.0811,0.0603
32551,0.5184,0.3558,0.2535,0.166,0.1378,0.1162,0.0959,0.0782,0.0584
32769,0.4811,0.3437,0.2514,0.1645,0.1367,0.1153,0.0968,0.0789,0.059
32770,0.5053,0.3595,0.2626,0.1709,0.1414,0.1189,0.0994,0.0811,0.0602
32771,0.522,0.3676,0.2689,0.174,0.1439,0.1208,0.1005,0.0826,0.061
32772,0.5245,0.3698,0.2702,0.1745,0.1443,0.121,0.1005,0.0827,0.061
32773,0.514,0.3658,0.2646,0.1717,0.142,0.1192,0.0984,0.0806,0.0598
32993,0.5032,0.3582,0.2612,0.1695,0.14,0.1177,0.0985,0.0799,0.0594
32994,0.5177,0.3658,0.2671,0.1728,0.1427,0.1197,0.0998,0.0816,0.0601
32995,0.5238,0.367,0.268,0.173,0.1429,0.1198,0.0996,0.082,0.0602
32996,0.5035,0.3532,0.259,0.1684,0.1393,0.1171,0.0971,0.0795,0.0591
33216,0.5005,0.3575,0.26,0.1686,0.1392,0.1169,0.0979,0.0791,0.0587
33217,0.5118,0.3641,0.2652,0.1717,0.1417,0.1189,0.0993,0.0806,0.0596
33218,0.5126,0.3611,0.2636,0.1703,0.1406,0.1181,0.0985,0.0804,0.0593
33219,0.4971,0.3474,0.2522,0.1638,0.1358,0.1143,0.0952,0.0781,0.0581
33439,0.4976,0.3573,0.2592,0.1681,0.1387,0.1165,0.0973,0.0788,0.0583
33440,0.504,0.361,0.2621,0.17,0.1402,0.1178,0.0985,0.0796,0.059
33441,0.4989,0.3548,0.258,0.1672,0.1382,0.1162,0.0972,0.0788,0.0586
33662,0.4941,0.3551,0.2579,0.1674,0.1381,0.116,0.0965,0.0784,0.0579
33663,0.4972,0.3579,0.2591,0.1683,0.1389,0.1167,0.0973,0.079,0.0584
33664,0.4881,0.3495,0.2536,0.1649,0.1366,0.1149,0.0962,0.0782,0.0581
33885,0.4913,0.3519,0.2565,0.1665,0.1374,0.1154,0.0958,0.0781,0.0574
33886,0.4927,0.3535,0.2569,0.1671,0.1381,0.1161,0.0966,0.0788,0.058
34108,0.4898,0.3501,0.2555,0.166,0.1371,0.1152,0.0958,0.0781,0.0574
34109,0.4901,0.3511,0.2549,0.1666,0.1379,0.1161,0.0968,0.079,0.0584
34331,0.4892,0.3495,0.2549,0.166,0.1372,0.1154,0.0961,0.0784,0.0579
34332,0.4884,0.3498,0.2535,0.1664,0.1379,0.1163,0.0971,0.0793,0.059
34553,0.4796,0.3414,0.2504,0.1625,0.1344,0.113,0.0939,0.0767,0.0565
34554,0.4906,0.3509,0.2558,0.1669,0.138,0.1161,0.0968,0.0788,0.0585
34555,0.4867,0.349,0.2525,0.1663,0.1381,0.1162,0.0974,0.0792,0.0594
34776,0.4865,0.3472,0.2545,0.1654,0.1366,0.1148,0.0955,0.0776,0.0574
34777,0.4923,0.3524,0.2569,0.1678,0.1386,0.1165,0.0972,0.0788,0.0588
34778,0.4829,0.3458,0.2508,0.1649,0.1369,0.115,0.0963,0.0784,0.0588
34999,0.4922,0.352,0.2581,0.1677,0.1382,0.116,0.0965,0.0781,0.0578
35000,0.4922,0.3524,0.2577,0.1679,0.1386,0.1163,0.097,0.0785,0.0585
35221,0.4875,0.348,0.2562,0.166,0.1368,0.1147,0.0952,0.077,0.0567
35222,0.4945,0.3542,0.26,0.1688,0.1389,0.1165,0.0968,0.0783,0.0578
35223,0.4869,0.3478,0.2553,0.1657,0.1368,0.1148,0.0956,0.0772,0.0574
35443,0.4797,0.3413,0.2512,0.163,0.1344,0.1126,0.0934,0.0754,0.0554
35444,0.4943,0.3538,0.2605,0.1689,0.1389,0.1163,0.0964,0.0778,0.0572
35445,0.494,0.3536,0.2602,0.1688,0.1388,0.1163,0.0965,0.0778,0.0574
35446,0.48,0.3416,0.2517,0.1631,0.1346,0.113,0.0938,0.0757,0.0562
35666,0.4909,0.3508,0.2586,0.1675,0.1378,0.1153,0.0955,0.0769,0.0564
35667,0.4973,0.3565,0.2627,0.1703,0.1398,0.1171,0.097,0.0781,0.0573
35668,0.4904,0.3504,0.2584,0.1674,0.1377,0.1154,0.0957,0.077,0.0567
35888,0.484,0.3449,0.2539,0.1648,0.1357,0.1135,0.094,0.0756,0.0554
35889,0.4969,0.3563,0.2629,0.1703,0.1398,0.117,0.0969,0.0779,0.0571
35890,0.4958,0.3554,0.2623,0.17,0.1396,0.1169,0.0968,0.0778,0.0571
35891,0.4798,0.3415,0.2515,0.1634,0.1348,0.1129,0.0936,0.0753,0.0555
36111,0.4936,0.3534,0.2608,0.1691,0.1389,0.1162,0.0962,0.0773,0.0565
36112,0.4979,0.3573,0.2639,0.171,0.1404,0.1175,0.0972,0.0782,0.0572
36113,0.4896,0.35,0.2582,0.1677,0.138,0.1155,0.0957,0.0769,0.0564
36333,0.4866,0.3473,0.2559,0.1662,0.1368,0.1145,0.0947,0.076,0.0557
36334,0.4975,0.357,0.2638,0.171,0.1404,0.1175,0.0972,0.0781,0.0571
36335,0.495,0.3548,0.2621,0.1701,0.1398,0.117,0.0968,0.0778,0.057
36556,0.4938,0.3535,0.2609,0.1693,0.1392,0.1165,0.0964,0.0775,0.0567
36557,0.4972,0.3567,0.2636,0.171,0.1405,0.1176,0.0973,0.0783,0.0573
36558,0.4871,0.3479,0.2565,0.167,0.1375,0.1151,0.0954,0.0767,0.0563
36778,0.4853,0.346,0.2548,0.1658,0.1366,0.1144,0.0947,0.0761,0.0559
36779,0.4961,0.3555,0.2626,0.1705,0.1401,0.1174,0.0972,0.0782,0.0573
36780,0.4932,0.3531,0.2606,0.1695,0.1394,0.1168,0.0968,0.0779,0.0572
37001,0.4903,0.3503,0.2581,0.1681,0.1384,0.116,0.0961,0.0774,0.0568
37002,0.4954,0.3547,0.2617,0.1703,0.1401,0.1175,0.0974,0.0785,0.0576
37003,0.4871,0.3476,0.256,0.1672,0.1374,0.1156,0.0959,0.0774,0.0569
37223,0.4789,0.3405,0.2504,0.1637,0.1342,0.1135,0.0942,0.0761,0.0559
37224,0.4934,0.3527,0.2598,0.1696,0.1393,0.1173,0.0972,0.0786,0.0577
37225,0.4937,0.3529,0.2598,0.17,0.1392,0.1176,0.0976,0.079,0.058
37446,0.4858,0.3459,0.2542,0.1662,0.1364,0.1161,0.0963,0.0784,0.0574
37447,0.4947,0.3533,0.2599,0.17,0.1391,0.1183,0.0985,0.0802,0.0587
37448,0.4895,0.3486,0.2559,0.1671,0.1376,0.1173,0.0978,0.0796,0.0584
37669,0.4895,0.3484,0.2558,0.1672,0.1388,0.1184,0.0993,0.0804,0.0593
37670,0.4927,0.3507,0.2574,0.1682,0.1399,0.1195,0.1008,0.0819,0.0601
37892,0.49,0.3468,0.2546,0.1687,0.1423,0.1215,0.1027,0.085,0.063
37893,0.4876,0.3429,0.2514,0.1679,0.1417,0.1212,0.1024,0.0848,0.0633
38114,0.4994,0.3497,0.2574,0.1735,0.1462,0.1246,0.1049,0.0865,0.0644
38115,0.5021,0.3522,0.2594,0.1748,0.1474,0.1258,0.106,0.0876,0.0653
38116,0.495,0.3462,0.2553,0.1727,0.1456,0.1243,0.1048,0.0865,0.0646
38336,0.5029,0.3538,0.2621,0.1768,0.1486,0.1265,0.1063,0.0875,0.065
38337,0.509,0.3596,0.2671,0.1805,0.1514,0.1291,0.1087,0.0897,0.0668
38338,0.507,0.3581,0.2661,0.1803,0.1514,0.129,0.1087,0.0898,0.067
38339,0.4988,0.3513,0.2611,0.1774,0.1491,0.127,0.107,0.0883,0.0658
38340,0.4812,0.3385,0.2518,0.1714,0.1439,0.1224,0.1031,0.0851,0.0634
38558,0.5004,0.3521,0.2617,0.1777,0.1491,0.1271,0.107,0.0881,0.0655
38559,0.5089,0.3601,0.2685,0.1828,0.1536,0.1306,0.1102,0.091,0.068
38560,0.5098,0.3615,0.27,0.1843,0.155,0.1316,0.1112,0.0919,0.0688
38561,0.5068,0.3588,0.268,0.1832,0.1542,0.1311,0.1106,0.0915,0.0685
38562,0.4995,0.3527,0.2632,0.18,0.1518,0.129,0.1088,0.0899,0.0673
38563,0.4825,0.3402,0.2539,0.1738,0.1463,0.1243,0.1046,0.0865,0.0646
38780,0.5017,0.3523,0.2615,0.178,0.1496,0.1274,0.1074,0.0885,0.0658
38781,0.5132,0.3631,0.2707,0.1848,0.1555,0.1322,0.1116,0.0923,0.0689
38782,0.5159,0.3663,0.2737,0.1873,0.1577,0.1343,0.1132,0.0937,0.0701
38783,0.5151,0.3657,0.2735,0.1875,0.158,0.1346,0.1134,0.094,0.0705
38784,0.5112,0.3619,0.2705,0.1857,0.1567,0.1335,0.1124,0.0931,0.0699
38785,0.502,0.3544,0.2648,0.1818,0.1535,0.1307,0.11,0.091,0.0682
38786,0.4814,0.34,0.2544,0.1746,0.1472,0.1252,0.1051,0.087,0.065
39002,0.4973,0.349,0.2589,0.1763,0.1483,0.1263,0.1066,0.088,0.0656
39003,0.5128,0.3629,0.2706,0.1848,0.1557,0.1325,0.1118,0.0926,0.0693
39004,0.5164,0.3673,0.2747,0.1882,0.1586,0.1352,0.1139,0.0945,0.0709
39005,0.5165,0.3678,0.2754,0.1892,0.1595,0.1361,0.1146,0.0951,0.0715
39006,0.5144,0.3654,0.2735,0.1881,0.1588,0.1356,0.1141,0.0947,0.0713
39007,0.5078,0.3593,0.269,0.1852,0.1565,0.1336,0.1123,0.0931,0.07
39008,0.4914,0.3474,0.2601,0.1791,0.1514,0.1291,0.1083,0.0897,0.0673
39224,0.4948,0.347,0.2575,0.1753,0.1475,0.1256,0.106,0.0876,0.0654
39225,0.5103,0.3609,0.2692,0.1838,0.1549,0.1319,0.1113,0.0923,0.0692
39226,0.5158,0.3673,0.2751,0.1887,0.159,0.1356,0.1143,0.0949,0.0714
39227,0.5164,0.3683,0.2761,0.1898,0.1601,0.1367,0.1151,0.0956,0.0721
39228,0.5151,0.3668,0.275,0.1894,0.1599,0.1367,0.1152,0.0955,0.0721
39229,0.5102,0.3618,0.2712,0.1871,0.1581,0.1351,0.1138,0.0943,0.0712
39230,0.4977,0.3524,0.2642,0.1823,0.1542,0.1317,0.1107,0.0917,0.069
39446,0.4895,0.3429,0.2545,0.1733,0.1457,0.1241,0.1047,0.0866,0.0647
39447,0.5093,0.3601,0.2687,0.1836,0.1547,0.1317,0.1112,0.0922,0.0693
39448,0.515,0.3665,0.2745,0.1883,0.1587,0.1353,0.114,0.0947,0.0714
39449,0.5163,0.3684,0.2764,0.1901,0.1604,0.137,0.1154,0.0958,0.0724
39450,0.5155,0.3675,0.2758,0.1902,0.1606,0.1373,0.1158,0.096,0.0727
39451,0.5114,0.3633,0.2726,0.1882,0.1591,0.1361,0.1148,0.0951,0.0719
39452,0.5001,0.3545,0.2661,0.1839,0.1556,0.133,0.112,0.0927,0.0699
39453,0.4705,0.3352,0.2523,0.1747,0.148,0.1264,0.1065,0.088,0.0665
39668,0.4832,0.3382,0.2511,0.171,0.1438,0.1225,0.1033,0.0855,0.064
39669,0.5071,0.358,0.2669,0.1824,0.1537,0.1308,0.1104,0.0915,0.0689
39670,0.5145,0.3659,0.274,0.1879,0.1584,0.1351,0.1138,0.0945,0.0713
39671,0.5162,0.3683,0.2764,0.1902,0.1605,0.137,0.1155,0.0959,0.0725
39672,0.5157,0.3678,0.2762,0.1905,0.161,0.1376,0.1161,0.0962,0.0729
39673,0.5122,0.3642,0.2734,0.189,0.1598,0.1367,0.1154,0.0956,0.0723
39674,0.5018,0.3559,0.2674,0.185,0.1566,0.1339,0.1129,0.0934,0.0705
39675,0.4748,0.3381,0.2546,0.1764,0.1495,0.1278,0.1077,0.089,0.0673
39891,0.5045,0.3558,0.2651,0.1811,0.1527,0.13,0.1098,0.091,0.0684
39892,0.5138,0.3651,0.2733,0.1875,0.1581,0.1349,0.1137,0.0944,0.0713
39893,0.5161,0.3682,0.2764,0.1903,0.1606,0.1371,0.1156,0.096,0.0726
39894,0.5158,0.368,0.2764,0.1907,0.1612,0.1377,0.1162,0.0964,0.0731
39895,0.5127,0.3648,0.274,0.1894,0.1602,0.1371,0.1157,0.0959,0.0726
39896,0.5032,0.3571,0.2683,0.1857,0.1573,0.1345,0.1135,0.0939,0.0709
39897,0.4785,0.3406,0.2564,0.1777,0.1506,0.1288,0.1086,0.0897,0.0678
40113,0.5015,0.3531,0.2628,0.1795,0.1514,0.1288,0.1088,0.0901,0.0677
40114,0.5128,0.364,0.2723,0.1867,0.1575,0.1343,0.1132,0.094,0.071
40115,0.5158,0.3679,0.276,0.1899,0.1603,0.1369,0.1154,0.0958,0.0725
40116,0.5159,0.3682,0.2766,0.1908,0.1613,0.1378,0.1163,0.0965,0.0731
40117,0.5132,0.3653,0.2744,0.1896,0.1604,0.1372,0.1158,0.096,0.0727
40118,0.5047,0.3581,0.2692,0.1863,0.1577,0.135,0.1139,0.0942,0.0712
40119,0.4822,0.3431,0.2582,0.1788,0.1516,0.1297,0.1094,0.0903,0.0683
40335,0.498,0.3501,0.2605,0.178,0.1501,0.1278,0.108,0.0894,0.0672
40336,0.5117,0.3628,0.2713,0.186,0.1569,0.1338,0.1128,0.0937,0.0707
40337,0.5156,0.3676,0.2757,0.1898,0.1602,0.1368,0.1153,0.0958,0.0725
40338,0.516,0.3681,0.2765,0.1907,0.1612,0.1378,0.1163,0.0964,0.0731
40339,0.5137,0.3657,0.2747,0.1899,0.1606,0.1374,0.116,0.0961,0.0729
40340,0.506,0.3591,0.2699,0.1868,0.1581,0.1353,0.1142,0.0945,0.0715
40341,0.4857,0.3452,0.2596,0.1797,0.1524,0.1303,0.1099,0.0908,0.0686
40557,0.494,0.3469,0.2581,0.1764,0.1487,0.1266,0.107,0.0886,0.0665
40558,0.5105,0.3615,0.2701,0.1852,0.1562,0.1332,0.1123,0.0932,0.0704
40559,0.5153,0.3671,0.2752,0.1893,0.1597,0.1364,0.115,0.0955,0.0723
40560,0.516,0.3681,0.2764,0.1906,0.161,0.1376,0.1162,0.0963,0.073
40561,0.5141,0.3661,0.2749,0.1899,0.1606,0.1374,0.116,0.0961,0.0729
40562,0.5071,0.3598,0.2703,0.187,0.1583,0.1354,0.1143,0.0946,0.0715
40563,0.4887,0.3471,0.2608,0.1805,0.153,0.1309,0.1103,0.0912,0.0688
40779,0.4894,0.3435,0.2557,0.1749,0.1474,0.1255,0.106,0.0878,0.066
40780,0.509,0.36,0.269,0.1843,0.1555,0.1326,0.1119,0.0928,0.07
40781,0.5149,0.3665,0.2746,0.1888,0.1594,0.1361,0.1147,0.0953,0.0721
40782,0.5159,0.3679,0.2761,0.1903,0.1607,0.1374,0.116,0.0962,0.0728
40783,0.5145,0.3664,0.2751,0.1899,0.1606,0.1374,0.1161,0.0962,0.0729
40784,0.508,0.3603,0.2704,0.1869,0.1582,0.1354,0.1142,0.0945,0.0714
40785,0.4912,0.3485,0.2616,0.1808,0.1533,0.131,0.1103,0.0912,0.0688
41001,0.4843,0.34,0.2533,0.1733,0.1461,0.1244,0.1051,0.087,0.0655
41002,0.507,0.3583,0.2675,0.1833,0.1547,0.1319,0.1112,0.0923,0.0696
41003,0.5145,0.366,0.2741,0.1883,0.1589,0.1357,0.1144,0.095,0.0718
41004,0.5159,0.3677,0.2758,0.1899,0.1604,0.1371,0.1157,0.096,0.0725
41005,0.5141,0.3656,0.274,0.1889,0.1597,0.1366,0.1153,0.0956,0.0722
41006,0.508,0.3599,0.2698,0.1863,0.1576,0.1348,0.1137,0.0941,0.0709
41007,0.493,0.3491,0.2618,0.1807,0.1531,0.1308,0.1101,0.0911,0.0684
41223,0.4791,0.3368,0.251,0.1719,0.1449,0.1233,0.1042,0.0863,0.065
41224,0.5058,0.3574,0.2668,0.1827,0.1542,0.1315,0.1109,0.092,0.0693
41225,0.5148,0.3659,0.2738,0.188,0.1587,0.1355,0.1142,0.0949,0.0716
41226,0.5161,0.3675,0.2753,0.1895,0.16,0.1368,0.1154,0.0957,0.0723
41227,0.5145,0.3655,0.2738,0.1887,0.1595,0.1364,0.1151,0.0954,0.0719
41228,0.5069,0.3586,0.2686,0.1853,0.1568,0.1341,0.1129,0.0936,0.0703
41229,0.4916,0.3476,0.2604,0.1796,0.1521,0.1299,0.1091,0.0903,0.0676
41445,0.477,0.3359,0.2505,0.1717,0.1448,0.1233,0.1041,0.0863,0.0651
41446,0.5079,0.3588,0.2677,0.1833,0.1546,0.1318,0.1112,0.0923,0.0695
41447,0.5154,0.3659,0.2737,0.1879,0.1586,0.1354,0.1141,0.0947,0.0715
41448,0.516,0.3666,0.2744,0.1887,0.1594,0.1362,0.1148,0.0952,0.0718
41449,0.513,0.3636,0.2721,0.1874,0.1584,0.1354,0.1141,0.0946,0.071
41450,0.505,0.3568,0.2671,0.1842,0.1558,0.133,0.1118,0.0927,0.0694
41451,0.486,0.3434,0.2572,0.1772,0.1499,0.1278,0.1071,0.0887,0.0663
41667,0.4861,0.3422,0.255,0.1745,0.1471,0.1253,0.1057,0.0877,0.066
41668,0.5048,0.3568,0.2662,0.1823,0.1539,0.1313,0.1106,0.0918,0.0692
41669,0.5099,0.3616,0.2704,0.1857,0.1568,0.1339,0.1127,0.0936,0.0705
41670,0.5093,0.3615,0.2707,0.1863,0.1574,0.1345,0.1133,0.094,0.0707
41671,0.5029,0.3561,0.2667,0.1837,0.1553,0.1326,0.1115,0.0925,0.0694
41672,0.4936,0.3493,0.2616,0.1801,0.1523,0.1299,0.1091,0.0904,0.0676
41889,0.4961,0.3492,0.2598,0.1776,0.1498,0.1276,0.1077,0.0892,0.067
41890,0.5077,0.3588,0.2677,0.1833,0.1548,0.132,0.1112,0.0923,0.0693
41891,0.5087,0.3605,0.2696,0.1852,0.1564,0.1335,0.1123,0.0932,0.07
41892,0.5039,0.3571,0.2675,0.184,0.1555,0.1327,0.1115,0.0925,0.0694
41893,0.491,0.3483,0.2609,0.1795,0.1518,0.1294,0.1087,0.0901,0.0675
42110,0.4895,0.343,0.2546,0.1734,0.146,0.1241,0.1048,0.0867,0.065
42111,0.5062,0.3568,0.2656,0.1814,0.153,0.1303,0.1099,0.0911,0.0682
42112,0.51,0.3606,0.2691,0.1844,0.1556,0.1327,0.1117,0.0927,0.0694
42113,0.5061,0.3583,0.2681,0.1842,0.1555,0.1326,0.1115,0.0925,0.0692
42114,0.49,0.3479,0.2608,0.1794,0.1516,0.1293,0.1085,0.09,0.0675
42115,0.468,0.3336,0.2506,0.1726,0.1458,0.1243,0.1044,0.0866,0.0654
42332,0.5044,0.3546,0.2632,0.1792,0.151,0.1284,0.1084,0.0897,0.0669
42333,0.5114,0.361,0.2688,0.1837,0.1549,0.1319,0.1111,0.0921,0.0687
42334,0.5116,0.3619,0.2702,0.1852,0.1563,0.1332,0.112,0.0929,0.0694
42335,0.5016,0.3551,0.2657,0.1824,0.154,0.1312,0.1102,0.0913,0.0682
42336,0.4798,0.3411,0.2558,0.1758,0.1484,0.1263,0.106,0.0878,0.066
42553,0.4987,0.3495,0.2587,0.1757,0.1477,0.1255,0.106,0.0876,0.0652
42554,0.5094,0.3591,0.2669,0.1817,0.1531,0.1303,0.1098,0.091,0.0677
42555,0.512,0.3621,0.27,0.1846,0.1557,0.1327,0.1116,0.0926,0.069
42556,0.5073,0.3589,0.2683,0.1841,0.1553,0.1324,0.1112,0.0922,0.0687
42557,0.4943,0.3504,0.2624,0.1801,0.1521,0.1294,0.1086,0.0899,0.0672
42774,0.4905,0.3423,0.253,0.1713,0.1438,0.1223,0.103,0.085,0.0633
42775,0.5072,0.3568,0.2647,0.1797,0.1513,0.1286,0.1085,0.0898,0.0668
42776,0.5117,0.3615,0.269,0.1834,0.1545,0.1315,0.1107,0.0917,0.0682
42777,0.5106,0.3614,0.2698,0.1847,0.1558,0.1327,0.1115,0.0925,0.0688
42778,0.5016,0.355,0.2656,0.1822,0.1537,0.1309,0.1099,0.091,0.0677
42779,0.4794,0.3406,0.2554,0.1753,0.1478,0.1257,0.1053,0.0873,0.0654
42996,0.5001,0.3505,0.2592,0.1758,0.1477,0.1254,0.1058,0.0874,0.065
42997,0.5106,0.3601,0.2676,0.182,0.1532,0.1303,0.1098,0.0909,0.0675
42998,0.5117,0.3618,0.2696,0.184,0.1551,0.132,0.111,0.092,0.0684
42999,0.5069,0.3585,0.2679,0.1835,0.1547,0.1317,0.1106,0.0916,0.0681
43000,0.4927,0.3491,0.2612,0.1791,0.1511,0.1285,0.1078,0.0892,0.0664
43217,0.4886,0.341,0.2521,0.1707,0.1432,0.1217,0.1025,0.0845,0.0628
43218,0.5059,0.3559,0.2639,0.1791,0.1508,0.1281,0.108,0.0893,0.0664
43219,0.5116,0.3614,0.2689,0.1832,0.1543,0.1313,0.1105,0.0915,0.068
43220,0.5103,0.361,0.2693,0.1842,0.1552,0.1322,0.111,0.092,0.0683
43221,0.5013,0.3548,0.2654,0.1818,0.1534,0.1305,0.1095,0.0906,0.0673
43222,0.4786,0.3398,0.2546,0.1746,0.1471,0.125,0.1047,0.0867,0.0648
43439,0.4972,0.3482,0.2577,0.1748,0.1469,0.1247,0.1051,0.0867,0.0646
43440,0.5088,0.3586,0.2663,0.1811,0.1525,0.1296,0.1092,0.0903,0.0671
43441,0.5113,0.3614,0.2692,0.1838,0.1548,0.1318,0.1108,0.0917,0.0681
43442,0.5065,0.3581,0.2675,0.1831,0.1543,0.1313,0.1102,0.0912,0.0677
43443,0.4921,0.3485,0.2607,0.1786,0.1506,0.128,0.1073,0.0887,0.066
43661,0.5021,0.3525,0.2613,0.1776,0.1494,0.1268,0.1069,0.0882,0.0658
43662,0.5112,0.3611,0.2687,0.1832,0.1543,0.1313,0.1104,0.0914,0.068
43663,0.5102,0.3608,0.2692,0.1841,0.1552,0.1321,0.1109,0.0918,0.0682
43664,0.501,0.3544,0.2649,0.1815,0.153,0.1301,0.1091,0.0902,0.067
43665,0.4784,0.3397,0.2545,0.1745,0.147,0.1248,0.1045,0.0864,0.0645
43882,0.4857,0.3401,0.2524,0.1716,0.1441,0.1223,0.103,0.0849,0.0632
43883,0.5054,0.3556,0.2641,0.1798,0.1514,0.1287,0.1083,0.0894,0.0667
43884,0.5115,0.3614,0.2692,0.1839,0.1549,0.1318,0.1108,0.0916,0.0682
43885,0.5073,0.3586,0.2678,0.1833,0.1545,0.1315,0.1103,0.0912,0.0677
43886,0.4923,0.3486,0.2607,0.1786,0.1505,0.1279,0.1071,0.0885,0.0657
44104,0.4951,0.3477,0.2582,0.1758,0.1478,0.1254,0.1055,0.087,0.0648
44105,0.5074,0.3575,0.2659,0.1813,0.1528,0.1299,0.1092,0.0902,0.0672
44106,0.5094,0.3597,0.2682,0.1835,0.1546,0.1316,0.1104,0.0913,0.0678
44107,0.4998,0.3534,0.2641,0.1809,0.1525,0.1297,0.1087,0.0898,0.0666
44108,0.4788,0.3397,0.2544,0.1743,0.1467,0.1245,0.1042,0.086,0.0642
44325,0.4777,0.3364,0.2504,0.1706,0.1433,0.1215,0.1021,0.0842,0.0629
44326,0.5019,0.3534,0.2629,0.1791,0.1508,0.128,0.1076,0.0887,0.0661
44327,0.5087,0.3591,0.2676,0.1828,0.154,0.131,0.11,0.0909,0.0676
44328,0.5062,0.3577,0.2671,0.1829,0.1542,0.1311,0.1099,0.0908,0.0674
44329,0.4911,0.3477,0.26,0.1781,0.1501,0.1275,0.1067,0.088,0.0654
44547,0.4967,0.3506,0.261,0.1778,0.1495,0.1269,0.1065,0.0879,0.0655
44548,0.5074,0.3583,0.267,0.1822,0.1534,0.1303,0.1093,0.0902,0.0673
44549,0.5079,0.3588,0.2677,0.183,0.1542,0.1311,0.1099,0.0907,0.0674
44550,0.4997,0.3534,0.2641,0.1808,0.1524,0.1294,0.1083,0.0894,0.0662
44551,0.4773,0.3388,0.2538,0.1738,0.1462,0.124,0.1036,0.0855,0.0637
44766,0.4896,0.3407,0.2514,0.1694,0.1414,0.1199,0.1005,0.0825,0.0611
44767,0.4956,0.3479,0.2577,0.1744,0.1461,0.1236,0.1038,0.0855,0.0635
44768,0.5019,0.3542,0.2634,0.1788,0.1502,0.1273,0.1068,0.088,0.0655
44769,0.5095,0.3603,0.2685,0.1828,0.1537,0.1304,0.1094,0.0903,0.0673
44770,0.5109,0.3614,0.2695,0.184,0.1549,0.1315,0.1103,0.091,0.0677
44771,0.5067,0.3584,0.2677,0.1832,0.1543,0.131,0.1097,0.0905,0.0671
44772,0.4917,0.3482,0.2604,0.1782,0.15,0.1272,0.1064,0.0876,0.065
44988,0.5053,0.3545,0.2621,0.1768,0.1481,0.1252,0.1053,0.0867,0.0644
44989,0.5085,0.3589,0.2665,0.1803,0.1513,0.1281,0.1075,0.0886,0.066
44990,0.5101,0.3612,0.2689,0.1826,0.1533,0.13,0.109,0.0899,0.067
44991,0.5135,0.3637,0.2712,0.1847,0.1552,0.1317,0.1103,0.091,0.0678
44992,0.5111,0.3616,0.2698,0.1842,0.1549,0.1315,0.1101,0.0908,0.0674
44993,0.5018,0.3551,0.2653,0.1813,0.1526,0.1294,0.1083,0.0892,0.066
44994,0.4778,0.3393,0.2541,0.1737,0.1459,0.1236,0.1032,0.0849,0.0631
45209,0.4979,0.3484,0.257,0.173,0.1447,0.1222,0.1027,0.0846,0.063
45210,0.5111,0.3602,0.2669,0.18,0.1508,0.1275,0.1071,0.0882,0.0657
45211,0.512,0.3626,0.2697,0.1825,0.153,0.1296,0.1087,0.0896,0.0667
45212,0.5123,0.3633,0.2707,0.1837,0.1542,0.1307,0.1095,0.0903,0.0673
45213,0.5118,0.3625,0.2702,0.1839,0.1545,0.131,0.1097,0.0905,0.0673
45214,0.5092,0.3599,0.2684,0.183,0.1538,0.1303,0.1091,0.0898,0.0664
45215,0.4931,0.3487,0.2601,0.1773,0.1489,0.126,0.1053,0.0865,0.064
45431,0.5058,0.3551,0.2622,0.1765,0.1477,0.1248,0.1048,0.0864,0.0645
45432,0.513,0.3623,0.2685,0.1809,0.1516,0.1282,0.1075,0.0886,0.066
45433,0.5132,0.3635,0.2701,0.1826,0.153,0.1295,0.1086,0.0895,0.0666
45434,0.5106,0.3613,0.2687,0.182,0.1527,0.1293,0.1083,0.0892,0.0663
45435,0.5074,0.3582,0.2665,0.1809,0.1519,0.1286,0.1077,0.0886,0.0657
45436,0.502,0.3537,0.2631,0.1788,0.15,0.1268,0.1062,0.0872,0.0643
45437,0.4781,0.3375,0.2514,0.1707,0.1428,0.1205,0.1007,0.0826,0.061
45652,0.4953,0.3457,0.2546,0.1714,0.1434,0.1214,0.1017,0.084,0.063
45653,0.5083,0.3568,0.2632,0.1768,0.1479,0.125,0.1049,0.0865,0.0645
45654,0.5119,0.3609,0.2671,0.1797,0.1504,0.1271,0.1066,0.0878,0.0653
45655,0.5107,0.3602,0.267,0.18,0.1508,0.1275,0.1069,0.088,0.0653
45656,0.5056,0.3558,0.2637,0.1782,0.1493,0.1261,0.1057,0.0869,0.0643
45657,0.4962,0.348,0.2579,0.1746,0.1461,0.1233,0.1033,0.0847,0.0624
45658,0.4824,0.338,0.2507,0.1696,0.1417,0.1195,0.0999,0.0817,0.06
45874,0.5002,0.3483,0.2558,0.1718,0.1437,0.1215,0.1019,0.0841,0.063
45875,0.5061,0.3539,0.2601,0.1744,0.1457,0.123,0.1033,0.085,0.0633
45876,0.5049,0.3538,0.2607,0.1749,0.1461,0.1232,0.1034,0.085,0.0629
45877,0.4992,0.3494,0.2578,0.1732,0.1446,0.1221,0.1023,0.084,0.0619
45878,0.4881,0.3406,0.2515,0.1693,0.1412,0.1193,0.0998,0.0817,0.06
46096,0.4951,0.3423,0.2504,0.1676,0.1398,0.1182,0.0992,0.0817,0.0611
46097,0.4943,0.3431,0.2514,0.1679,0.1398,0.1183,0.099,0.0812,0.0602
48752,0.5775,0.3666,0.2562,0.1613,0.1284,0.1019,0.0815,0.0678,0.0488
48753,0.5845,0.3705,0.2598,0.1641,0.1303,0.1036,0.0828,0.0688,0.0495
48754,0.58,0.3663,0.2579,0.1627,0.1289,0.1024,0.0823,0.0685,0.0494
48972,0.5672,0.361,0.2508,0.1571,0.1255,0.0994,0.0779,0.0639,0.0462
48973,0.5883,0.3758,0.2609,0.1644,0.1315,0.1046,0.0813,0.0666,0.0481
48974,0.6012,0.3846,0.2673,0.1691,0.1351,0.1077,0.084,0.0684,0.0493
48975,0.605,0.3866,0.2692,0.1705,0.136,0.1086,0.0847,0.069,0.0497
48976,0.5983,0.381,0.2661,0.1683,0.1341,0.1069,0.0832,0.0684,0.0493
48977,0.5796,0.3672,0.2571,0.1618,0.1287,0.1022,0.0804,0.0664,0.0478
49193,0.5659,0.3589,0.2504,0.1565,0.1249,0.0989,0.0769,0.0618,0.0444
49194,0.5907,0.3772,0.262,0.165,0.1321,0.1051,0.0816,0.065,0.0467
49195,0.6076,0.39,0.2701,0.1709,0.1369,0.1093,0.0853,0.0673,0.0484
49196,0.6168,0.3968,0.2745,0.1741,0.1394,0.1115,0.0872,0.0686,0.0494
49197,0.6179,0.3972,0.275,0.1745,0.1396,0.1117,0.0874,0.0689,0.0496
49198,0.6098,0.3906,0.2713,0.1718,0.1373,0.1097,0.0856,0.0681,0.049
49199,0.5907,0.3761,0.2621,0.1652,0.1319,0.105,0.0816,0.0659,0.0475
49415,0.5834,0.3702,0.2589,0.1625,0.1298,0.103,0.0798,0.0629,0.0447
49416,0.6047,0.3868,0.2688,0.1698,0.1359,0.1084,0.0844,0.0657,0.0468
49417,0.6183,0.3977,0.2751,0.1744,0.1397,0.1117,0.0873,0.0675,0.0488
49418,0.6247,0.4029,0.278,0.1765,0.1416,0.1133,0.0887,0.0684,0.0498
49419,0.6239,0.4021,0.2777,0.1763,0.1414,0.1131,0.0886,0.0684,0.0496
49420,0.6148,0.3947,0.2736,0.1733,0.1387,0.1109,0.0867,0.0674,0.0484
49421,0.5958,0.38,0.2646,0.1669,0.1334,0.1062,0.0826,0.0652,0.0467
49422,0.5652,0.3579,0.2501,0.1564,0.1246,0.0988,0.0768,0.0617,0.0443
49637,0.5899,0.3737,0.2621,0.1648,0.1314,0.1044,0.0808,0.063,0.0445
49638,0.6088,0.3891,0.2708,0.1712,0.1368,0.1092,0.085,0.0655,0.0469
49639,0.6201,0.3986,0.2759,0.1749,0.14,0.112,0.0876,0.0671,0.0487
49640,0.6247,0.4026,0.278,0.1764,0.1415,0.1132,0.0886,0.0678,0.0493
49641,0.6227,0.4009,0.2771,0.1758,0.1409,0.1127,0.0882,0.0676,0.0493
49642,0.6132,0.3932,0.2729,0.1727,0.1382,0.1104,0.0862,0.0665,0.0479
49643,0.5945,0.3786,0.2642,0.1665,0.133,0.1059,0.0822,0.0643,0.0457
49644,0.5648,0.3569,0.2503,0.1564,0.1245,0.0986,0.0766,0.0607,0.0432
49859,0.5843,0.369,0.2595,0.1628,0.1296,0.1028,0.0795,0.0617,0.0433
49860,0.6022,0.3834,0.2678,0.1689,0.1348,0.1074,0.0835,0.0642,0.0456
49861,0.6124,0.3921,0.2724,0.1723,0.1377,0.11,0.0858,0.0656,0.0473
49862,0.616,0.3954,0.274,0.1735,0.1388,0.111,0.0867,0.0662,0.0478
49863,0.6133,0.3933,0.2728,0.1726,0.1382,0.1104,0.0861,0.0659,0.0477
49864,0.6035,0.3853,0.2685,0.1695,0.1355,0.108,0.0841,0.0647,0.0464
49865,0.5852,0.3712,0.2601,0.1634,0.1304,0.1035,0.0801,0.0625,0.0442
50081,0.5662,0.3558,0.2512,0.1567,0.1243,0.0984,0.0762,0.0592,0.0412
50082,0.584,0.3697,0.2592,0.1625,0.1296,0.1028,0.0796,0.0614,0.0431
50083,0.5939,0.3778,0.2637,0.1659,0.1325,0.1054,0.0818,0.0628,0.0448
50084,0.597,0.3806,0.2651,0.1669,0.1335,0.1063,0.0825,0.0633,0.0454
50085,0.5939,0.3783,0.2637,0.1659,0.1327,0.1055,0.0819,0.063,0.045
50086,0.584,0.3705,0.2592,0.1627,0.1299,0.1031,0.0798,0.0618,0.0436
50087,0.566,0.3568,0.2514,0.157,0.1249,0.0988,0.0766,0.0597,0.0418
50306,0.5662,0.3583,0.2505,0.1563,0.1246,0.0987,0.0766,0.0593,0.0415
