,0,1,2
8761,4.823043310478124e-05,3.1078259584601873,0.26018034770708304
8762,4.96128903542939e-05,3.1098245594269396,0.26171046972729484
8763,5.0571543667902595e-05,3.108878197184086,0.2619012576191454
8764,5.123885727428861e-05,3.1083798429731195,0.2625243161064928
8765,5.157846044257433e-05,3.1110265309438696,0.2643262548403789
8766,5.17235143225373e-05,3.111849149740379,0.26572867291866653
8767,5.1408176732876895e-05,3.112028599905403,0.2668935174599524
8768,4.9925505171918654e-05,3.121463346863635,0.2707337713439085
8981,4.8695919357447525e-05,3.100283656368499,0.25741211980423107
8982,5.0208160864826564e-05,3.1031819534366236,0.25913548963719457
8983,5.112376733419147e-05,3.1036846016030584,0.25946948186221663
8984,5.153424398295536e-05,3.1080687784707095,0.26117962488502894
8985,5.1983358685270965e-05,3.105551518071555,0.2604807259401636
8986,5.246239188120351e-05,3.1044758432987254,0.260710817941934
8987,5.304516952595202e-05,3.104273702990856,0.2618430985093564
8988,5.358051646311028e-05,3.1043832709995023,0.26331895002275457
8989,5.3731836220118734e-05,3.1052832586639285,0.2652353491107148
9201,4.832079278060772e-05,3.100707823286707,0.25792510568910343
9202,4.999438723586911e-05,3.099258832117551,0.2578227330349926
9203,5.0929752491063316e-05,3.097875015950808,0.25748527186868597
9204,5.110031810977326e-05,3.0987323830306317,0.257341288876891
9205,5.0815894693031034e-05,3.0995570759415143,0.256849024563064
9206,5.047156990052292e-05,3.0980965484673018,0.25591083652888236
9207,5.0165897896371185e-05,3.0983633280244542,0.2554651517057525
9208,5.0476623734669073e-05,3.0959573034377867,0.2551216351439681
9209,5.128650661604575e-05,3.0962597141314587,0.25642898672864706
9210,5.237123855818665e-05,3.0995707496680045,0.25972152877984817
9211,5.343378423930813e-05,3.099625001581483,0.2624496712213243
9212,5.3467856842462964e-05,3.102171605959331,0.2649514325503682
9422,4.9493275698774305e-05,3.1032197237245356,0.25997188396132526
9423,5.0220923382536595e-05,3.105273909701634,0.2602791682770617
9424,5.04114391800013e-05,3.1012451319281844,0.2583940620677152
9425,4.9896595251357385e-05,3.0966373817373603,0.25568113496497974
9426,4.861056531626384e-05,3.0991290193024015,0.2549192445265584
9432,4.872871653281307e-05,3.088224118288415,0.2524339672315778
9433,5.0829551381524e-05,3.091423978658525,0.2574893564714951
9434,5.178051063702809e-05,3.0978046367594194,0.2620711374591708
9435,5.1112376453604076e-05,3.106078419688409,0.2660590907317226
9436,4.8216568832204274e-05,3.1144130776290573,0.2682699888777372
9642,4.934431848034487e-05,3.105356756235343,0.26237881626725357
9643,5.01730194965635e-05,3.104250478211687,0.2615266748418724
9644,5.0051817680084116e-05,3.104813726712061,0.26068743775158004
9645,4.929898575758281e-05,3.1010709142496022,0.2580476935554467
9657,4.824918473850875e-05,3.106483150891057,0.26382188889586833
9862,4.9153416121949203e-05,3.104763604022598,0.26474529839854355
9863,5.03994150185288e-05,3.1033579351256395,0.26388458721535835
9864,5.0409248579093187e-05,3.104281941237733,0.26288428311594086
9865,4.954735901115288e-05,3.1015959911133946,0.2602384793850344
10083,4.9476966611910175e-05,3.1061708059347484,0.266786044186919
10084,5.064194693989935e-05,3.103364665782538,0.26550808575993134
10085,5.022507908347789e-05,3.103521964087697,0.2641214883143765
10086,4.875228240096973e-05,3.0975798713778073,0.2597603052407256
10305,4.9706510128327514e-05,3.104894588663892,0.2669302390830853
10306,4.938300625922494e-05,3.1010905007330636,0.26445764033992125
24080,2.0374699747556474e-05,3.912855154844076,0.3981464672156065
24302,2.2498502572892113e-05,3.8072376521865103,0.36557918383295096
24303,2.1889684594065e-05,3.8764116265995128,0.38934668298683567
24304,2.261552176857207e-05,3.8447144282918773,0.3864190106429267
24523,2.326893406544749e-05,3.775260668249509,0.3610661210519463
24524,2.149438898523554e-05,3.903532041768336,0.3965382081709601
24525,2.2487030114589326e-05,3.883775255974293,0.39604605777930485
24526,2.302823334979593e-05,3.8614485484771857,0.39354423930230226
24527,2.258475980821904e-05,3.868630221237135,0.397968594302744
24744,2.2101625405472118e-05,3.8420270416658227,0.3892366551607608
24745,2.187385495649983e-05,3.8601269288782314,0.3849226156530812
24746,2.233272272014538e-05,3.890191220929019,0.3985396019997659
24747,2.2989447010224717e-05,3.8830563021136526,0.4001092220438632
24748,2.3237635891017805e-05,3.880171750921805,0.4021540705563707
24749,2.2936726560469678e-05,3.886067493493695,0.4046195317230691
24750,2.1930387922270253e-05,3.9003482898117947,0.40835001829175094
24967,2.2718893424925816e-05,3.827502812438462,0.3818158376249266
24968,2.3135674497961798e-05,3.8625948717687306,0.3954017884758464
24969,2.3470875948680605e-05,3.8759454292103794,0.4022200099726087
24970,2.354848184988586e-05,3.8831864462595713,0.4054841287943995
24971,2.327245578688714e-05,3.8938321653339845,0.40860492165834866
24972,2.2591980743945194e-05,3.9055504186688004,0.4113710081419469
24973,2.0977945026276e-05,3.937437200366717,0.41898841347310334
25189,2.3590027225832438e-05,3.7742409168514013,0.3711478837922485
25190,2.3624999924024802e-05,3.839974886414453,0.392786701005048
25191,2.3744282960332677e-05,3.867697859979281,0.40224047677876157
25192,2.370011124096054e-05,3.8843712840595184,0.4071829418245298
25193,2.3439192351062087e-05,3.8992794065415897,0.41103764349941235
25194,2.2997599151087095e-05,3.909787215446664,0.41330080074023223
25195,2.21822809901359e-05,3.9175200327351614,0.4142421890615418
25196,2.0120103634781926e-05,3.960324207530475,0.42479702953894866
25412,2.384950938134855e-05,3.8159690505130444,0.38789154813103743
25413,2.380938236188828e-05,3.860663745589826,0.4013061532147745
25414,2.3708247584474956e-05,3.886104818101986,0.4084207419279984
25415,2.3546075589278273e-05,3.899695915881378,0.4116978510885072
25416,2.324670588627987e-05,3.9105443229143257,0.4139046207439497
25417,2.2757901777789736e-05,3.9154163869756973,0.4143447161690915
25418,2.1766432710325756e-05,3.9240929242686695,0.4154693554954053
25634,2.3695461857920316e-05,3.786989045025355,0.3793623134200042
25635,2.364281326447164e-05,3.8533760502762235,0.3995333787023699
25636,2.3648662873966158e-05,3.8845540614824334,0.4086227071368486
25637,2.3530905416518974e-05,3.9023537870805427,0.41309978459372293
25638,2.333884588743325e-05,3.912256609061477,0.41487437455380943
25639,2.313416154959908e-05,3.9109526679778526,0.4134978782940797
25640,2.254072645639122e-05,3.9156110139735754,0.4138335405187415
25641,2.123165941947093e-05,3.9320420824224267,0.41644714923605
25857,2.3690652406990023e-05,3.8226784238423535,0.39065151197342507
25858,2.3623158446600384e-05,3.8678234775945093,0.4038859059963305
25859,2.3580607264375383e-05,3.8920645396566522,0.4103130264581226
25860,2.3381848405548298e-05,3.9105028479875203,0.4146600734497215
25861,2.3281844899870115e-05,3.912191281190854,0.41428955936623985
25862,2.295432231808839e-05,3.9142731536531623,0.41393841044388574
25863,2.222896292472706e-05,3.9213314763565617,0.41484262929063104
25864,2.0482937553050977e-05,3.9503880212896427,0.4212469140267916
26079,2.315163900874614e-05,3.7889732839557744,0.37847037988775595
26080,2.3231582344292e-05,3.859025291404645,0.4004332227785678
26081,2.347448954788922e-05,3.8842874894666224,0.40800145977535873
26082,2.341296152639595e-05,3.903969796469006,0.4127818205226625
26083,2.331435460236786e-05,3.91339888563802,0.4147035547017949
26084,2.320502634463005e-05,3.91273422940374,0.4136246727376993
26085,2.2775200759735206e-05,3.9154700318390288,0.4135772919652138
26086,2.1850672084911174e-05,3.9255015184505027,0.41528273341876687
26087,1.967154543752699e-05,3.9686715393727154,0.4256155988773983
26302,2.390816649609754e-05,3.793474206682844,0.3816461506875805
26303,2.3440971135985836e-05,3.8695014076735688,0.4030836383403412
26304,2.3535962709993414e-05,3.8886268130741253,0.40836437631968797
26305,2.3409769978252224e-05,3.907157760361785,0.41290119533631797
26306,2.3283784298970492e-05,3.915588620785549,0.41455512345052103
26307,2.3078283755280437e-05,3.9171360601338994,0.4144845210450223
26308,2.2678676955181793e-05,3.915333123623767,0.4126596835944959
26309,2.1373207868805848e-05,3.9324694291888824,0.4163909995612463
26525,2.4015418137404478e-05,3.812716565339827,0.38676742324959784
26526,2.356170342189911e-05,3.8782474993469473,0.405854173978795
26527,2.3508566800267378e-05,3.9012170765384835,0.4119179541653844
26528,2.3357900551228017e-05,3.914783976003648,0.4148039642269052
26529,2.3259129334619215e-05,3.917399297963874,0.4148247901166813
26530,2.307902275128574e-05,3.914299563111094,0.413177762732826
26531,2.2496999457001155e-05,3.9167520095265758,0.4131149463878357
26532,2.0755087992718614e-05,3.9445849712494105,0.41958752521147213
26748,2.333966618544432e-05,3.8500761342404917,0.3969117257944992
26749,2.3617892023786604e-05,3.8782074772673805,0.4052143018689402
26750,2.3509480574148836e-05,3.9023286103724533,0.4117096664008161
26751,2.335065324439147e-05,3.9147095814461523,0.41442653376550687
26752,2.3176356465358157e-05,3.9183835799300133,0.4145881285341863
26753,2.29626957738525e-05,3.91296750311656,0.4125065156588785
26754,2.2596533610720692e-05,3.9003680833594903,0.4085111267770908
26755,1.990515350623834e-05,3.9629050526354557,0.4243028967513848
26970,2.3178671290989102e-05,3.8039120765884316,0.38215988601862966
26971,2.33285480622256e-05,3.8612311350482518,0.3999702740453238
26972,2.353534779322805e-05,3.8878158888606493,0.4077773819030248
26973,2.3420347648999255e-05,3.9073208012015157,0.41267910476338376
26974,2.3387651616808222e-05,3.9077886039064795,0.4120403234525218
26975,2.3096061895285772e-05,3.9148225708645326,0.4135420646706004
26976,2.2637369850532016e-05,3.9163449209542156,0.4128292382844257
26977,2.1560263408135886e-05,3.9276785109313814,0.4150824640003638
27193,2.3561537078991558e-05,3.8114824377217285,0.3849470242789251
27194,2.3521291059536835e-05,3.8656121362171953,0.4012046609047183
27195,2.354995361501581e-05,3.8909938264206363,0.40833657584638783
27196,2.3468036147782246e-05,3.903974977015345,0.41150864708586254
27197,2.3242756375792313e-05,3.9138535439047755,0.4137483806256933
27198,2.3023715264895082e-05,3.91257750407803,0.4125748380860039
27199,2.2365773553005448e-05,3.92085398387599,0.414263453602665
27200,2.0980508723490314e-05,3.9438828658876277,0.41959777389198705
27416,2.353959510636674e-05,3.82893861280003,0.390255865257293
27417,2.357238770870004e-05,3.871349340060536,0.40301045076521136
27418,2.3543592610338614e-05,3.8950320649276535,0.4095452688319936
27419,2.3414525076126997e-05,3.908111971934276,0.41271841436287704
27420,2.3286347176696524e-05,3.9109447812846434,0.4126611093458325
27421,2.298570990590528e-05,3.9134386713772527,0.41277509638968723
27422,2.2109174991584826e-05,3.927201897789442,0.4163123760885055
27423,2.028885525492128e-05,3.9588812192875005,0.4245373793039921
27638,2.3104472249531233e-05,3.7864356706827778,0.37547505982579693
27639,2.355052259993639e-05,3.8416978216141433,0.3936651231562984
27640,2.3556421861926288e-05,3.8817219943491077,0.40594028643841146
27641,2.3522996105168635e-05,3.8994795446943087,0.4104915888881639
27642,2.3368554652848167e-05,3.912360157531171,0.41351448797802126
27643,2.314923797413576e-05,3.9185010728232887,0.414752823197834
27644,2.2784125182559997e-05,3.9170567461555352,0.41366199349082183
27645,2.1814071385436314e-05,3.931582654211226,0.41760839393154
27646,1.976466797799542e-05,3.9748751270371363,0.4286889327807727
27861,2.328598137017422e-05,3.80572256331059,0.3819350257798292
27862,2.335372604712424e-05,3.8668901346177114,0.4006659274541248
27863,2.3483432132107084e-05,3.8927518037743347,0.40866475013067866
27864,2.3434113699176382e-05,3.9091009689969516,0.41306413280562115
27865,2.3300287604969846e-05,3.916456959968688,0.4143474157351505
27866,2.297783853268384e-05,3.9253955532961142,0.41669672875202374
27867,2.259206257751073e-05,3.9263614188278364,0.4164517157380882
27868,2.14707325386547e-05,3.9426337114778915,0.420925069930112
28084,2.324640543110389e-05,3.8344638347976114,0.39050134543922077
28085,2.341211847583434e-05,3.8773836075770465,0.4037676815891255
28086,2.3444498821338e-05,3.9037640586456757,0.4114373816883103
28087,2.3416113826632304e-05,3.9145724362867638,0.414102586912445
28088,2.3176498435894785e-05,3.9262664539012633,0.41709657788400495
28089,2.2961966965591558e-05,3.9253423632555724,0.41683581003791825
28090,2.2341392412354508e-05,3.931909033668294,0.4190326095275096
28091,2.0979735651691236e-05,3.9511638840618017,0.4246352852398065
28307,2.3028407628701274e-05,3.8687990419210916,0.400682943713549
28308,2.3388807752905918e-05,3.8992945570514856,0.41033172100311
28309,2.3434365998488498e-05,3.9166721899233483,0.41534701056767415
28310,2.33406162345874e-05,3.9268838294657105,0.41774654798981337
28311,2.319405946269641e-05,3.9322679662080335,0.4193482188756358
28312,2.2907964210739778e-05,3.9353643914718224,0.42061238155601316
28313,2.229741332996184e-05,3.929537218958558,0.4204205208485519
28314,2.081396708872418e-05,3.9366406771331803,0.42273287617464905
28529,2.2975953340417293e-05,3.8356117484077914,0.39038427388376673
28530,2.333894787560606e-05,3.8876444520383107,0.4073298785435437
28531,2.350459755985153e-05,3.910500146198084,0.4142005593099289
28532,2.3432175706332207e-05,3.9271037153792974,0.41854922393230765
28533,2.327945604624389e-05,3.939378711182663,0.4223279259951797
28534,2.3307613654087382e-05,3.9334233782478187,0.42127467329328183
28535,2.3236219887531498e-05,3.921400973291386,0.4197256111505173
28536,2.272166186814706e-05,3.905565664960055,0.4181233646555045
28537,2.112967187727636e-05,3.879409652782026,0.4125017305922537
28752,2.29254622845491e-05,3.880060011081265,0.40457296933006465
28753,2.3321582949054343e-05,3.9013559503607733,0.41162518390828184
28754,2.3187233427724883e-05,3.925530428416462,0.4182493589480842
28755,2.314241828666729e-05,3.933685233952522,0.420618985358048
28756,2.3196301905626044e-05,3.9324218051612663,0.4214130965875895
28757,2.3446559844197824e-05,3.916995375964782,0.41960037499482594
28758,2.401240256917485e-05,3.8738391498496876,0.4121969939308736
28759,2.4429517489705627e-05,3.7965662210861493,0.3966376776644488
28974,2.3083013481580387e-05,3.8534188686366426,0.39821385687774896
28975,2.3428319357976973e-05,3.8871411120999633,0.40884733560177916
28976,2.3358465736706507e-05,3.9151427364312097,0.41695536078611023
28977,2.3250928226708742e-05,3.9341366478284665,0.42275887791948435
28978,2.34673312861554e-05,3.9337989937703415,0.4244499066620649
28979,2.427705325554905e-05,3.905937637201359,0.4205108381801925
28980,2.6194581235936124e-05,3.828386468869558,0.40660408215805793
28981,2.9605019810043443e-05,3.6690036054984105,0.373008503553203
29196,2.351998581533962e-05,3.813188038148323,0.3887441483858975
29197,2.367386715734208e-05,3.8673832685672447,0.4051726502129775
29198,2.364945975800275e-05,3.9004622957810784,0.4149068080320618
29199,2.3635964998263802e-05,3.9217810915964333,0.4215964924753419
29200,2.3964206435269045e-05,3.92678671276036,0.42558892612071364
29201,2.5330552886222793e-05,3.8903557894895395,0.42132414342034613
29202,2.9242887440302212e-05,3.7613270224875817,0.3971436709191751
29203,3.827224154058926e-05,3.4680579531327105,0.3313335472398648
29204,3.962934640357336e-05,3.2858084060742723,0.2855112983521397
29418,2.3968464728531534e-05,3.7690663351628673,0.37897491470545036
29419,2.3896127859823826e-05,3.8428497012239546,0.4009611507695063
29420,2.3983927430731984e-05,3.8770254818483214,0.4110446495517528
29421,2.4008297481375082e-05,3.903388001791965,0.4193201708478414
29422,2.4508309097812775e-05,3.9090866175718526,0.4240033231748649
29423,2.6444421351115537e-05,3.8623273336662907,0.4185048547614414
29424,3.2084660300571564e-05,3.6949852482581753,0.3864246693585531
29425,4.2806851720343935e-05,3.3843546115633387,0.31664337679229754
29426,4.189772079930495e-05,3.1843828157890264,0.25055420509904963
29641,2.4449512517553627e-05,3.7876962134330703,0.3888985921533374
29642,2.40994293595409e-05,3.8496164286072814,0.4061664678753549
29643,2.4324149526822943e-05,3.8750989360423866,0.4148773870592714
29644,2.503732789463573e-05,3.881297363385556,0.42040661623485975
29645,2.7664861371859495e-05,3.8205684507477886,0.4127180090099477
29646,3.553811847382757e-05,3.6000945503664754,0.36798795776795534
29647,4.6352296818562024e-05,3.3250613845345263,0.3088287543317849
29648,4.5594655504179485e-05,3.1744529968192556,0.25984690876007915
29649,6.795052025108504e-05,2.662268262603559,0.13107594685183474
29864,2.399319372916985e-05,3.7978067526295045,0.39546350253210716
29865,2.4029266463428545e-05,3.847949451463661,0.4104841902623332
29866,2.544025046312853e-05,3.8401949924404954,0.4134413975665427
29867,2.91161093191914e-05,3.758564702392005,0.40223625036390814
29868,3.9407837814966144e-05,3.491147406825743,0.3462348572449192
29869,4.9438975876183725e-05,3.2591807851896744,0.2985128309837426
29870,4.838255853508684e-05,3.1488610922072446,0.26222836177911707
29871,6.778562043970457e-05,2.7913692285415337,0.18282035422528617
29872,7.660661010499549e-05,2.6522296840573554,0.15163631043546422
29873,7.063483319344044e-05,2.675017366814917,0.15006212031479965
30088,2.4668827276127907e-05,3.790939469537283,0.4036505170660146
30089,2.9999646779547158e-05,3.670222719401644,0.3837882227445674
30090,4.1706878183574075e-05,3.3935390520678825,0.32655478138890237
30091,4.845866072823854e-05,3.2374874405964933,0.29585375644232975
30092,5.033630196759802e-05,3.100469590146451,0.2555001160242556
30093,6.529438178448711e-05,2.8664049320170117,0.20923327651876023
30094,7.28136431310835e-05,2.7641211925697218,0.1886180423708002
30095,7.73346254920913e-05,2.6977704944088043,0.17232880190839894
30096,7.058966367337732e-05,2.728332878494504,0.17206552625390684
30312,3.9469714617113664e-05,3.3142256403714914,0.3082390866652879
30313,4.4384100123218283e-05,3.1656541261272992,0.27054188893911196
30314,5.111944539993216e-05,3.0010679013916666,0.23122750781586598
30315,6.268118019753053e-05,2.877959472467458,0.21507119972223557
30316,7.040873757726704e-05,2.804509105934544,0.20385406267259512
30317,7.383533575006786e-05,2.776490910609479,0.19843083224073121
30318,7.492731364250147e-05,2.7571735430945563,0.19288382449185323
30319,6.971127331262718e-05,2.7744886697092266,0.19151093905572597
30537,5.86755380552453e-05,2.8648035749451988,0.21206578024710243
30538,6.634251986428401e-05,2.8340696579009843,0.21259881468813469
30539,7.063014212183278e-05,2.819350888092395,0.21295501000611977
30540,7.16656077651493e-05,2.8236447018353674,0.2157456638435324
30541,7.14280197862344e-05,2.814273590766522,0.2124512826139624
30542,7.013069664150633e-05,2.7608784231154355,0.19261369748185614
30760,5.948417290398364e-05,2.8589871866182097,0.21774808891655825
30761,6.556196483546148e-05,2.848682534594357,0.22109215819472552
30762,6.77885624632971e-05,2.8702964145477488,0.23121862844996205
30763,6.872447661303051e-05,2.872576970196271,0.23277260688038157
30764,6.803846883478728e-05,2.856390796345825,0.22604646027140818
30765,6.511271260583847e-05,2.8202819954903573,0.21021856301815692
30983,5.731567419693615e-05,2.871157078635035,0.22119942594011385
30984,6.22970678144445e-05,2.8969976380653044,0.23676949260142086
30985,6.494008877785591e-05,2.9132653971035776,0.24460193124338483
30986,6.61794810287024e-05,2.9041511107747633,0.24269418069730558
30987,6.592381510269251e-05,2.8814390089494752,0.2343301754688028
30988,6.324130375102802e-05,2.8471457219493757,0.21961155842739596
31207,5.962423323911983e-05,2.9210121772150615,0.24276626480256877
31208,6.296145132538704e-05,2.9286295624674015,0.24827975690751955
31209,6.46447674265482e-05,2.9210469499653477,0.24732009183098938
31210,6.545579014924538e-05,2.8917127786557284,0.23874004469057064
31211,6.528172333554513e-05,2.834448870789721,0.22015606460563017
31430,5.695095637905063e-05,2.942529261014064,0.24540835826311516
31431,6.169982993075454e-05,2.932648370755348,0.24729997608327917
31432,6.478824258064598e-05,2.9143801312303075,0.24519929244558042
31433,6.777704709438706e-05,2.8699215849750384,0.23495733533753582
31434,7.150123866619022e-05,2.777995531403504,0.2110222246648816
31435,6.439242262062452e-05,2.791604583882467,0.20737762658990072
31653,5.4711234957575265e-05,2.9518863555590964,0.2410595735753423
31654,6.117878156299084e-05,2.927955613314675,0.24219740973998252
31655,6.688676205693686e-05,2.882471967605907,0.23573699546769922
31656,7.198068335009236e-05,2.822769837583376,0.22387611022990378
31657,7.701577412306233e-05,2.738373336508512,0.2041431513190055
31658,6.75498644874145e-05,2.79735533694161,0.21404854069526932
31876,5.1310050008518954e-05,3.0055054105744543,0.24873755257891844
31877,6.068957669085311e-05,2.9319358418963284,0.24018617609841475
31878,6.831156756877857e-05,2.8645283318917407,0.23087795749398218
31879,7.54063775244147e-05,2.78410501655026,0.21504989623481346
31880,7.680953394193758e-05,2.759965520166008,0.2100001984105695
31881,7.931377037541211e-05,2.7015822897929516,0.19949007939928848
31882,8.207535435374866e-05,2.5497401201454015,0.1545478101335174
32099,4.813286289849723e-05,3.0566345593338307,0.25765124472531337
32100,5.980246692434376e-05,2.942242839105803,0.24250659500763633
32101,6.866847719643407e-05,2.8572374165197094,0.22947811391276854
32102,7.673204466493941e-05,2.7718594491636686,0.21234376265805496
32103,7.624551039309756e-05,2.782204496036638,0.21744307531546495
32104,8.332559141235766e-05,2.6755150388732756,0.1958635779866357
32105,8.193666500375247e-05,2.5849190036504743,0.16577812814976337
32323,5.847356620419614e-05,2.9509061972091235,0.24467742721072672
32324,6.796030086167629e-05,2.8604142778107784,0.2305244755751172
32325,7.67328204556798e-05,2.7705574379844755,0.2136407458289578
32326,7.620458727799535e-05,2.787715131452409,0.22055842115769397
32327,8.248089545855232e-05,2.6950700370313827,0.20211473961977433
32328,8.132365453915604e-05,2.611261688624651,0.1745765513967426
32546,5.6586449510390265e-05,2.9531679437769505,0.2465824942565946
32547,6.763333571178702e-05,2.85412390163179,0.23089407380221366
32548,7.638333434976613e-05,2.7763205483025337,0.21699224509714055
32549,7.670895980567894e-05,2.782642028278457,0.2209507828100812
32550,7.96317296860221e-05,2.7312378485450064,0.21143298313048686
32551,7.958752800838568e-05,2.62655874752839,0.1790760634547839
32769,5.75629769744246e-05,2.899273504953484,0.23417328334214335
32770,6.75616277595885e-05,2.8486319961723368,0.23244889860524248
32771,7.583465590887529e-05,2.7834110265390186,0.22100197939305383
32772,7.725234479340453e-05,2.7764519286464986,0.22101112004091467
32773,7.300132708232428e-05,2.799041829096049,0.2264352555796674
32993,6.735393098381679e-05,2.840485722708644,0.23200270575834853
32994,7.372928188913428e-05,2.8021095817337955,0.22697355462139063
32995,7.754442670116865e-05,2.755063419781288,0.21591570739497204
32996,6.763090157372647e-05,2.8137475146476985,0.223840483080437
33216,6.623781291352486e-05,2.8519859999745703,0.23629128873386643
33217,7.094758466087281e-05,2.828519967705057,0.23354723810781614
33218,7.228159612968599e-05,2.789208838853405,0.22240527531918045
33219,6.804239243568543e-05,2.7432440948729426,0.20238036866292133
33439,6.503092085035604e-05,2.8665255292986114,0.24047722616789557
33440,6.754502723206558e-05,2.8542752621616265,0.2386568861081058
33441,6.645993334138062e-05,2.8256178299360286,0.2276113765588752
33662,6.323940848836229e-05,2.884056088848358,0.24455051749285786
33663,6.483327921458405e-05,2.8708472970957652,0.24129476940079717
33664,6.172492304603158e-05,2.8603250173081625,0.2321830524413078
33885,6.161227669418633e-05,2.897125146607788,0.24722980795526905
33886,6.232166805657332e-05,2.8895724543192474,0.24388945763413825
34108,6.088364310683773e-05,2.898420583314335,0.2460123788770419
34109,6.123065299881448e-05,2.888021888578344,0.2397091452240926
34331,6.086626338998583e-05,2.8901146036690926,0.2415191136373694
34332,6.0796555803749743e-05,2.8797368887296066,0.23398619425430578
34553,5.709920895043437e-05,2.9070718308387495,0.24412768980965646
34554,6.129293438754437e-05,2.8908640709896987,0.2409663627103253
34555,6.0156974768090706e-05,2.881052338976941,0.23216806366200693
34776,5.9230076124512015e-05,2.912211749530951,0.24789920818893227
34777,6.182452562670446e-05,2.8934394891828346,0.24243306037631634
34778,5.884045233324064e-05,2.884221772164037,0.23269990483717973
34999,6.098904490083815e-05,2.9197639034446228,0.2532069639889065
35000,6.141645413319708e-05,2.9068319351311893,0.24749538221560446
35221,5.8700241248073856e-05,2.9412263334469966,0.2594144545036314
35222,6.148080800904444e-05,2.931149408050587,0.2583050498585375
35223,5.922548949626419e-05,2.9195063821770155,0.2509667695092649
35443,5.5710923605406714e-05,2.9514625546243156,0.2605031983015634
35444,6.0655320150722686e-05,2.9532594661130163,0.2663230252385785
35445,6.0762515801109065e-05,2.947126414106173,0.2638962241315292
35446,5.6444398254725154e-05,2.9333272251466957,0.25376629296485337
35666,5.912876778504153e-05,2.963774851655179,0.26924730704871036
35667,6.131388359100817e-05,2.9654811187983245,0.27168407052438615
35668,5.911768658772094e-05,2.9586105132755103,0.2666140880137763
35888,5.660642370167061e-05,2.9679067163539083,0.268266598292951
35889,6.087576564636e-05,2.9752742608369473,0.27490294922849656
35890,6.039222083995532e-05,2.977508071378765,0.27473359194246577
35891,5.530702369240887e-05,2.9638921696643235,0.2638643162090737
36111,5.933337639768809e-05,2.9851829736613653,0.276822269441949
36112,6.080993143440658e-05,2.986909152891015,0.2785041545751177
36113,5.790703275842271e-05,2.984609098268941,0.2739335365453782
36333,5.6957589481322706e-05,2.9830441196885262,0.27347434606947196
36334,6.040273879962144e-05,2.994214572660087,0.28052502520485223
36335,5.9513927402189865e-05,2.9933023486461443,0.27869242135564076
36556,5.925305418971368e-05,2.9876578198223087,0.2769103933509362
36557,6.0284764671551855e-05,2.993202100833929,0.2793060713105592
36558,5.6872394893460346e-05,2.9881776371388997,0.27320394981971546
36778,5.657402858502422e-05,2.9783915770783667,0.2703584587494744
36779,5.9973527336918134e-05,2.9888408210227153,0.27705591123163714
36780,5.8991831945742946e-05,2.986980446027046,0.27464408373450944
37001,5.8103546138279405e-05,2.981204395409041,0.27176069776354456
37002,5.977644165198482e-05,2.9834898410162065,0.27368018466065175
37003,5.7140686784083995e-05,2.975267834481516,0.26713227752578667
37223,5.4893479119988846e-05,2.960452323563615,0.25979077342994866
37224,5.930222575426687e-05,2.9731277766371864,0.2684616869320391
37225,5.9497686248040784e-05,2.968534403449966,0.26615225091336064
37446,5.740311152998772e-05,2.9464591195921157,0.2549675217061913
37447,6.0476885052767045e-05,2.944860160667675,0.25684966261082776
37448,5.916192248772216e-05,2.926565732255763,0.24813433133435273
37669,5.85874847973563e-05,2.9336406431659743,0.24612129427035237
37670,5.9814419712912456e-05,2.9235746988997624,0.24171711596048426
37892,5.8629988147964065e-05,2.9016391347394417,0.220449163390996
37893,5.8118156362819693e-05,2.8791079803296804,0.20993683333158253
38114,5.965114698024624e-05,2.9307450540259645,0.22833540508064398
38115,6.0654470512786704e-05,2.927618673534345,0.22626498204731485
38116,5.774505299736815e-05,2.938988259052037,0.22618958587296176
38336,5.8769346502017535e-05,2.9952879901061027,0.24841351652420818
38337,6.0393976844047494e-05,3.0086667486780203,0.25118540728366245
38338,5.9409974187275553e-05,3.015230460765997,0.25068397218912486
38339,5.60997013673603e-05,3.0300618392825927,0.2521398969124914
38340,5.007036846698923e-05,3.0539049374900364,0.2539606389511883
38558,5.653102009652855e-05,3.0321742988423566,0.25489971311821025
38559,5.8567561037059695e-05,3.0558085251424387,0.26058841998548365
38560,5.8147111772128524e-05,3.07707297089097,0.26499116218276636
38561,5.695159791121981e-05,3.0800097309616676,0.26402038755087726
38562,5.456244281612344e-05,3.07935652911609,0.26170845807854226
38563,4.892977865532794e-05,3.1000972193591005,0.26378327270814567
38780,5.707006579507585e-05,3.0221648369461414,0.2511839795227545
38781,5.963251566002352e-05,3.0608317526221462,0.2616562728708015
38782,5.9488497159787944e-05,3.092444876068408,0.2693872663069316
38783,5.8981813194445006e-05,3.097400972612765,0.26878370684998665
38784,5.7671929613412524e-05,3.0934222160832454,0.2659795713340868
38785,5.4548298533014986e-05,3.0980028477061947,0.26543746282367753
38786,4.744495720956415e-05,3.1383365492390967,0.2723502424610134
39002,5.606695693407732e-05,3.00959053878658,0.24483528084339903
39003,5.958176633750623e-05,3.0572239945225337,0.2588828964737087
39004,5.9450245886249e-05,3.0987847601705263,0.26915789443720706
39005,5.8796508075855657e-05,3.1177980441557196,0.27285579430587453
39006,5.8185716543848215e-05,3.110104435175925,0.26895771274591446
39007,5.57536305335387e-05,3.1142657118683976,0.26858826945566777
39008,5.000294703922568e-05,3.1421091336811995,0.2730066820098493
39224,5.54870637341782e-05,3.003232512832221,0.2418631666982151
39225,5.8993850934967545e-05,3.049722888361964,0.25505528969704816
39226,5.8974426826527953e-05,3.1075477995820457,0.2698425552738123
39227,5.854825537497682e-05,3.1252803763093215,0.2732967917613773
39228,5.78076300057022e-05,3.1295138566725202,0.2728387503252179
39229,5.6194170474404786e-05,3.1238972101269122,0.26945499076152
39230,5.1599196699222494e-05,3.1477795820849743,0.2736624111296726
39446,5.395886820245784e-05,2.9999613770568443,0.23938720411603062
39447,5.873437348914552e-05,3.0472441811078097,0.2533256910143514
39448,5.8940101994381814e-05,3.100248132797689,0.26715251799017725
39449,5.834628800028213e-05,3.130189998469325,0.27378008569268236
39450,5.77101692218368e-05,3.136580783256485,0.2734712782250591
39451,5.6218015223797974e-05,3.1351365175178776,0.2713900476203899
39452,5.196214647129622e-05,3.157810219165612,0.2753552079791705
39453,4.153989207131863e-05,3.2437036301154203,0.2883756538954889
39668,5.209512036928395e-05,2.9987897460295154,0.23683139722053956
39669,5.8374073475397615e-05,3.0356497831744815,0.24959149148149623
39670,5.891366001775471e-05,3.0953014399381624,0.26555559196362966
39671,5.826943583532785e-05,3.130938239142366,0.27353377411427054
39672,5.754526276120532e-05,3.1433529292022557,0.274993099732379
39673,5.61509404145867e-05,3.144641522289386,0.27344605682123974
39674,5.218995373240844e-05,3.1654918377585726,0.27678763248865923
39675,4.270075465978728e-05,3.2392716217277764,0.28766610028060263
39891,5.758960837421861e-05,3.0324997405345084,0.24795682535382438
39892,5.8847225393928755e-05,3.0885197848149426,0.26276324617476954
39893,5.814557506941292e-05,3.1329039934845784,0.27362352301896253
39894,5.761766091412389e-05,3.142405218363659,0.27420089470068015
39895,5.6238820136801156e-05,3.1472881826304824,0.2737398357967849
39896,5.25425654387484e-05,3.1671407262525695,0.2769447857674543
39897,4.3793517837866994e-05,3.233361382451344,0.28710592824720693
40113,5.685532099639881e-05,3.024716388757487,0.24561753079950183
40114,5.8826716680644086e-05,3.078693451354904,0.25998623047208247
40115,5.828912329869274e-05,3.125753749672044,0.2716178771271265
40116,5.753794109958389e-05,3.1461875543425206,0.27536319944398674
40117,5.6456952658004765e-05,3.1464309991058674,0.27371121463323883
40118,5.307147095905574e-05,3.1642357616537504,0.27630818274866886
40119,4.509244045670446e-05,3.221464693054354,0.2849852267277083
40335,5.585573083851375e-05,3.0195355043115297,0.24286660662018691
40336,5.861241543171626e-05,3.072878942803327,0.25813169886269716
40337,5.8307323658882684e-05,3.122301392075242,0.27031386244769184
40338,5.7666526244722786e-05,3.142534063383389,0.27432689754265543
40339,5.666172527932889e-05,3.144939732524235,0.27311188116859814
40340,5.3676448208324295e-05,3.157818806089657,0.27455598391945346
40341,4.642870176395187e-05,3.206515352854046,0.28231075563562247
40557,5.4549577276232556e-05,3.020679049076651,0.24234096246434034
40558,5.850181947016664e-05,3.0633733996463417,0.2553308770147617
40559,5.855859289793744e-05,3.1117473101403252,0.26760388343226565
40560,5.781658002400561e-05,3.138690977729193,0.2735744444961431
40561,5.6957078239723006e-05,3.1408972528772834,0.2723538336420625
40562,5.414715611180353e-05,3.15352809967566,0.27410601406538476
40563,4.753995856859496e-05,3.196087694803326,0.280894843538467
40779,5.3006618961112494e-05,3.024922531306078,0.24188347028190316
40780,5.806201531154023e-05,3.060534305748024,0.25435387076754407
40781,5.860015803380905e-05,3.1054737716261163,0.2658994636739466
40782,5.793176928521265e-05,3.1340870918043713,0.27262655688552306
40783,5.7208084547116526e-05,3.1373636967796554,0.2715223646864804
40784,5.4741791082563934e-05,3.1437581001673247,0.27228450123582254
40785,4.876459214572635e-05,3.1786872240666226,0.2780221813612185
41001,5.120701603978364e-05,3.034318476008896,0.24253472367897191
41002,5.756927079300376e-05,3.0554314307731745,0.25256764467592446
41003,5.867403975970563e-05,3.0994986760327827,0.26474037602050265
41004,5.809712495514854e-05,3.129150197373562,0.27203225160984373
41005,5.7526597965531174e-05,3.1235581570172513,0.2692106630065371
41006,5.506916922432022e-05,3.1335254422729735,0.2707873809705038
41007,4.964630387723285e-05,3.1651232325769336,0.2764567893039958
41223,4.93044182977999e-05,3.048965269566279,0.24468491534087675
41224,5.716784114374026e-05,3.0562684037293346,0.25283029683666325
41225,5.8990199548652256e-05,3.0919600869272696,0.26315302792645406
41226,5.855891253421799e-05,3.1165618709796514,0.26905967735007424
41227,5.771545164667913e-05,3.1206555601861865,0.26944015398250093
41228,5.4926364176269316e-05,3.126363635123219,0.26953978074668106
41229,4.93732229948842e-05,3.16078924369392,0.27670484985616256
41445,4.833755922450046e-05,3.0623745071151074,0.24674124996450347
41446,5.8145778240504734e-05,3.047144440697585,0.25108368064988273
41447,5.937997407736811e-05,3.084921127273964,0.26180619401032273
41448,5.886169312941891e-05,3.104214137131773,0.2666441147087588
41449,5.734800458626066e-05,3.1151458829305314,0.2691763573882943
41450,5.42928299671002e-05,3.128454473134339,0.2717123658563033
41451,4.780494970373353e-05,3.1632053027122664,0.2777982905939571
41667,5.149954426889842e-05,3.0451969520434923,0.24568037449796043
41668,5.691143817412607e-05,3.0550720449259923,0.25217242706605836
41669,5.7318054654339616e-05,3.0921574410123362,0.2626786115146491
41670,5.61701232856161e-05,3.1194458706223687,0.2691997180238152
41671,5.373757793101248e-05,3.1305142465592657,0.27134146751194654
41672,5.0381089860071326e-05,3.150842786101705,0.27596556488355467
41889,5.4918586972330575e-05,3.031604355166391,0.2457219413564995
41890,5.75766530902668e-05,3.0618150006688554,0.25568830607470966
41891,5.656474089500567e-05,3.1025217835709884,0.2662289743531859
41892,5.415613331798381e-05,3.1300406378065473,0.2724456388114364
41893,4.954338880321555e-05,3.1583020484556723,0.2770602976149731
42110,5.414424979010663e-05,2.994540531480708,0.23707666427495716
42111,5.8006901060435724e-05,3.0351193179929856,0.2503207193011821
42112,5.7910271962769084e-05,3.0740400973406907,0.2606261713057829
42113,5.529852235112716e-05,3.1157994628703967,0.2705330184669051
42114,4.917102111653152e-05,3.1632289802009734,0.2780577154590229
42115,4.215063739599081e-05,3.2062831315635294,0.28087081078529147
42332,5.838164219660414e-05,3.0081476496668023,0.2454190841468638
42333,5.913921992736376e-05,3.052156433649014,0.25756170750093293
42334,5.798025266427913e-05,3.087911324701088,0.2659864029604317
42335,5.3617437325493844e-05,3.1272562034755014,0.2739448797980548
42336,4.60892106092027e-05,3.1767757731939192,0.27981098577592545
42553,5.760134228457741e-05,2.979226976271714,0.23869778487135654
42554,5.940505105304195e-05,3.0280032052178907,0.25244620075784113
42555,5.8678510243412595e-05,3.073059630575506,0.26330541857255785
42556,5.578116462888462e-05,3.1133368261270418,0.27234456655677025
42557,5.0883987013032246e-05,3.1490168112913857,0.2784628868254696
42774,5.590148974913589e-05,2.9538420245735697,0.2321332922534279
42775,5.9681553717025566e-05,3.0005419369103716,0.24598179539527024
42776,5.940085558295469e-05,3.051635334571201,0.259683425989822
42777,5.743757762064653e-05,3.097249864871256,0.27004124554831826
42778,5.345154673597686e-05,3.133477045890458,0.2773339522824546
42779,4.605809729442601e-05,3.1760223921375355,0.2814496288429201
42996,5.835376184980336e-05,2.9727187144999534,0.2388618105966055
42997,5.979862499107449e-05,3.030279149560409,0.2549125177047652
42998,5.878185578143679e-05,3.0697285803055783,0.26435028343855466
42999,5.580974908788112e-05,3.111062445642418,0.27360447969451307
43000,5.0427205618812785e-05,3.1500514758404727,0.2801023443451221
43217,5.4990079195019046e-05,2.9646327036555356,0.23558422099529241
43218,5.9199045496464045e-05,3.003517991329309,0.24740252315027422
43219,5.941570153969543e-05,3.0511313845002186,0.260214342936217
43220,5.7489131868878804e-05,3.0939714042997557,0.27058222508058377
43221,5.338490892644267e-05,3.1346724723291484,0.2789812026768203
43222,4.593455317067751e-05,3.1737684669882524,0.282218763115089
43439,5.722754352628922e-05,2.9783735479641815,0.23988209566022053
43440,5.930229266338443e-05,3.0276260203620384,0.25419641958638983
43441,5.850831754391986e-05,3.073828035123043,0.26618060355633316
43442,5.5707644713937056e-05,3.11131154999513,0.27476790757023756
43443,5.035260967672354e-05,3.1479620149885146,0.2805611736814605
43661,5.808166239006495e-05,2.9987709127093383,0.24535723109436605
43662,5.9167532201670935e-05,3.0543518215491727,0.26094896821167257
43663,5.73876827199666e-05,3.0958986249323375,0.27148140205533683
43664,5.34274459993929e-05,3.130949838874379,0.27879265953509563
43665,4.5699173894605866e-05,3.181334095328388,0.28534082597806854
43882,5.240372074626729e-05,3.0176518285261373,0.24736824663157642
43883,5.821506265695701e-05,3.025383709467619,0.25245470975311646
43884,5.864878600507239e-05,3.071144003821221,0.2653842799389489
43885,5.592825503291923e-05,3.1118641281127988,0.2755270375991534
43886,5.0275230879945515e-05,3.1531178736584784,0.2831941424657742
44104,5.479732115670568e-05,3.0323218860513226,0.2533238326379987
44105,5.804074789243758e-05,3.0488340145476758,0.25898132794533957
44106,5.721466656477323e-05,3.0918174656502875,0.2708361375809502
44107,5.2933622005149606e-05,3.13491888794541,0.2802248105088879
44108,4.599040302076531e-05,3.175691543949395,0.28522393260361695
44325,4.860140475605134e-05,3.0727960567594756,0.25917232101715554
44326,5.624723327055131e-05,3.0529812025390757,0.2601486025964952
44327,5.7481188258108606e-05,3.0786026082429805,0.2673546310291273
44328,5.5430745017426863e-05,3.11666437559995,0.2771530274277091
44329,4.983357847517028e-05,3.156916650128364,0.28455007773484964
44547,5.422748881350937e-05,3.0712682281375425,0.26423119248170507
44548,5.7330980980802864e-05,3.0744354900571937,0.26694682579674317
44549,5.650993147630694e-05,3.1014112306181287,0.27428055561946996
44550,5.274185049807824e-05,3.1423418994563437,0.2839256138972737
44551,4.533347609240393e-05,3.1869393007078104,0.28915348626462795
44766,5.620560366731435e-05,2.944821142918017,0.23756106154448708
44767,5.62991537064925e-05,3.0015938479477384,0.2505007546861989
44768,5.6607758630619806e-05,3.051777483965664,0.2630391340830846
44769,5.834064672607832e-05,3.0697187485182353,0.26779723621141066
44770,5.7900511889827074e-05,3.0924213975586556,0.27359412200025707
44771,5.53749360577428e-05,3.127037566638516,0.2820850963901897
44772,4.9975354227045816e-05,3.1612022768243806,0.28798856677213236
44988,6.068305370635412e-05,2.9653550015588865,0.2442122688139424
44989,5.992979525578674e-05,3.0199957858061053,0.25761883585293277
44990,5.906085049060288e-05,3.0601946717070336,0.2672122802450993
44991,5.931371643268962e-05,3.0814235550241387,0.27296260474867673
44992,5.7640812484544335e-05,3.103541407549444,0.278134004047127
44993,5.35996482879219e-05,3.1394291022261167,0.2859172817978183
44994,4.5437827554832196e-05,3.1923639490647817,0.2935307831817878
45209,5.9470277321006116e-05,2.9337457991206928,0.23504125769794265
45210,6.208162330556336e-05,2.9856900096747205,0.2508732276883422
45211,6.048127774282315e-05,3.0416838872094942,0.2647445708319947
45212,5.96000789183241e-05,3.0683321500401113,0.27068757211511196
45213,5.8747736612500615e-05,3.0832482419054457,0.273910020980328
45214,5.699287226934957e-05,3.106328837512832,0.2807930055760915
45215,5.1390434913975386e-05,3.1330235372754314,0.2848118579800975
45431,6.193424339174138e-05,2.9400093675944783,0.2379102896767649
45432,6.263775203293499e-05,2.991636629030065,0.25345512278496246
45433,6.124377136069949e-05,3.033103660402667,0.2636882304254351
45434,5.9598361834417166e-05,3.051988845394503,0.26775621076579936
45435,5.791549040956754e-05,3.065581415248072,0.27052451302072045
45436,5.559613620963498e-05,3.0824052956466264,0.27545747981018454
45437,4.7682299925783e-05,3.120628459595247,0.280609278907375
45652,5.977811431697099e-05,2.8987367897311587,0.22337046443233882
45653,6.330408963754621e-05,2.926902428387228,0.236017269824297
45654,6.285140557126018e-05,2.975797442790865,0.2503434450773586
45655,6.138345742502183e-05,3.0031789355710257,0.2569911787399584
45656,5.907529659901877e-05,3.017459349439054,0.2601258342255346
45657,5.541227653483378e-05,3.0344811850644287,0.26382265786580916
45658,5.051202428486821e-05,3.0617174056496865,0.2696188602664511
45874,6.261072272175186e-05,2.864268869990699,0.21681806533719222
45875,6.377893056173613e-05,2.8927867430867917,0.22849231587460825
45876,6.18712581424837e-05,2.9361162533825427,0.24137238606931063
45877,5.898291211038574e-05,2.962666196377167,0.24776813102657197
45878,5.452453551499713e-05,2.9882078525659455,0.25289537915079807
46096,6.282266963984297e-05,2.810527781139884,0.20425022752703745
46097,6.093001512698577e-05,2.8619263966287334,0.22169418439727132
48752,0.0001249675721939664,2.2353658734610424,0.13207549467496324
48753,0.0001272584313464983,2.2457910928041627,0.13523470715270927
48754,0.000125848407110073,2.233083272610189,0.13013480814098677
48972,0.00011911483644857471,2.2630882821526184,0.14531082941110435
48973,0.00012717675203181698,2.285407512665714,0.15375333313624767
48974,0.00013216149031685995,2.2993104725851468,0.15861193932791479
48975,0.00013371613114873546,2.3008552290534805,0.15913478088677718
48976,0.0001311674151466395,2.2897193425893834,0.15471228903575093
48977,0.00012404733184630384,2.2641853344014904,0.1445471367303314
49193,0.00011560709200821651,2.306769385710277,0.16183189784494595
49194,0.00012530452153536464,2.329283396686265,0.1705051643678216
49195,0.00013252879833910785,2.3408130320411926,0.17514820467798164
49196,0.00013685874129859565,2.342877117542998,0.1764367279676516
49197,0.000137509153795002,2.339964491770026,0.17536632295690077
49198,0.00013409082757814258,2.3308546348755548,0.17140975418836685
49199,0.00012654243002640763,2.307584367358838,0.16220658782188327
49415,0.00012000457081923216,2.355447403058314,0.17998218293335752
49416,0.00012907837746646753,2.368745983737033,0.1857675322507959
49417,0.0001364542255986231,2.3597860508915667,0.18376755789084467
49418,0.00014003089865484626,2.3550834393014175,0.1825089072243089
49419,0.0001393621107490266,2.3580297487083373,0.18329421785069608
49420,0.0001345979022655882,2.3600891587126456,0.1831180813237582
49421,0.00012640968383432447,2.3456876130458078,0.17661891558678042
49422,0.0001150756343047552,2.3085190938802747,0.16216752264711606
49637,0.00012128255041711236,2.377997854488982,0.1886929520096413
49638,0.0001304687594378911,2.376207074379362,0.18941358500900862
49639,0.00013688956999277472,2.3655582649046814,0.1865396121917356
49640,0.00013927568476147716,2.3653844079360193,0.18674471326133593
49641,0.0001385676715818856,2.3608909452631743,0.18486078378494564
49642,0.00013332482371929456,2.367405043751832,0.18619940765778617
49643,0.0001242684368097019,2.3678462800709172,0.18463358634910054
49644,0.00011279099400665767,2.340141625625062,0.1732095509877851
49859,0.0001180749589873804,2.3874423791356967,0.1921781206371025
49860,0.00012654198288084047,2.386217335697965,0.19280050920858693
49861,0.00013232824946739376,2.3756979093411674,0.18996055338689252
49862,0.00013421095184983054,2.374954628126187,0.18982621927057744
49863,0.00013308531178702097,2.372158844250667,0.18844993009701655
49864,0.00012786307233441085,2.3780087721353036,0.18937185084035535
49865,0.0001192903792071385,2.3785236158827208,0.1880956546596034
50081,0.00011013888416999234,2.3875321482865632,0.19086296856597704
50082,0.00011783674573253546,2.391357484251135,0.19375906067039558
50083,0.0001231058759399496,2.381741259893706,0.19100744517276932
50084,0.00012488011295974826,2.3778938808190175,0.18978063377457374
50085,0.0001233635335541592,2.3789879461007986,0.18981099161525575
50086,0.00011834513692366676,2.385160297675513,0.19099822799228847
50087,0.00011037546500905088,2.3847179630349222,0.18868461175638113
50306,0.00011096179243563833,2.3797531007283075,0.1883714031533056
